Month_sin,Month_cos,Sunspot_lag132,Sunspot_lag1,Sunspot_lag2,Monthly Mean Total Sunspot Number,Forecast_Sunspot,Diff
0.8660254037844386,0.5000000000000001,92.5,23.9,16.5,25.1,19.019999999999996,6.080000000000005
-2.4492935982947064e-16,1.0,24.1,46.7,32.5,24.3,42.016999999999996,-17.716999999999995
0.49999999999999994,0.8660254037844387,44.5,1.0,6.6,1.3,5.260000000000004,-3.9600000000000044
-0.8660254037844386,0.5000000000000001,62.1,142.7,139.4,156.5,132.75900000000004,23.740999999999957
-0.5000000000000004,0.8660254037844384,206.3,359.4,334.0,298.6,312.8840000000003,-14.284000000000276
-0.4999999999999997,-0.8660254037844388,195.0,92.8,112.4,51.4,99.766,-48.36600000000001
1.2246467991473532e-16,-1.0,237.5,243.6,231.3,238.9,206.79899999999998,32.10100000000003
0.49999999999999994,-0.8660254037844387,21.5,34.6,22.5,19.2,32.220000000000006,-13.020000000000007
-0.8660254037844385,-0.5000000000000004,15.1,18.3,9.8,10.9,15.613000000000001,-4.713000000000001
1.0,6.123233995736766e-17,101.6,45.4,40.1,32.1,49.211000000000006,-17.111000000000004
0.49999999999999994,0.8660254037844387,65.7,13.7,14.7,26.0,26.31899999999998,-0.3189999999999813
0.8660254037844386,0.5000000000000001,5.8,2.9,17.2,1.4,9.02299999999999,-7.6229999999999905
-0.4999999999999997,-0.8660254037844388,223.5,242.9,248.2,271.0,215.496,55.50399999999999
1.2246467991473532e-16,-1.0,7.9,17.0,7.4,9.7,16.698000000000008,-6.998000000000008
-1.0,-1.8369701987210297e-16,21.2,63.3,64.2,100.3,54.193999999999996,46.106
0.8660254037844387,-0.4999999999999998,34.6,33.0,21.6,8.4,32.71999999999999,-24.319999999999993
-2.4492935982947064e-16,1.0,164.4,192.3,148.2,205.6,182.695,22.905
1.0,6.123233995736766e-17,170.4,165.7,133.1,217.7,175.241,42.458999999999975
-2.4492935982947064e-16,1.0,43.7,29.6,30.3,33.9,26.518999999999984,7.381000000000014
0.49999999999999994,-0.8660254037844387,32.4,6.8,12.6,7.6,10.020000000000003,-2.4200000000000035
1.0,6.123233995736766e-17,5.3,38.6,9.1,30.0,39.60600000000002,-9.606000000000023
-0.4999999999999997,-0.8660254037844388,30.3,20.5,36.9,23.5,29.69000000000001,-6.190000000000008
1.0,6.123233995736766e-17,116.1,198.6,164.0,144.2,170.32699999999994,-26.126999999999953
0.49999999999999994,0.8660254037844387,76.1,65.0,74.2,57.9,66.32400000000001,-8.424000000000014
0.49999999999999994,0.8660254037844387,36.2,187.8,193.3,224.5,189.20799999999986,35.292000000000144
0.49999999999999994,0.8660254037844387,168.6,177.1,175.6,207.2,166.15899999999993,41.041000000000054
-0.8660254037844385,-0.5000000000000004,143.3,23.3,44.5,14.8,40.807000000000045,-26.007000000000044
-0.4999999999999997,-0.8660254037844388,40.4,0.6,16.1,18.1,9.288999999999998,8.811000000000003
1.0,6.123233995736766e-17,78.9,132.5,80.2,110.9,123.76700000000001,-12.867000000000004
-0.5000000000000004,0.8660254037844384,34.3,12.6,22.6,26.5,18.82499999999999,7.675000000000011
-0.8660254037844386,0.5000000000000001,95.8,54.2,104.1,64.4,87.30900000000001,-22.909000000000006
-0.4999999999999997,-0.8660254037844388,18.3,8.7,5.3,4.7,10.602,-5.902
-0.4999999999999997,-0.8660254037844388,56.5,122.6,141.6,193.7,140.12099999999995,53.579000000000036
1.0,6.123233995736766e-17,76.2,70.4,38.5,64.8,63.46599999999993,1.3340000000000671
0.8660254037844387,-0.4999999999999998,64.2,139.7,214.1,182.2,161.65599999999995,20.54400000000004
1.0,6.123233995736766e-17,110.9,83.1,108.8,58.4,98.80699999999997,-40.406999999999975
0.8660254037844386,0.5000000000000001,233.6,147.8,155.5,170.5,143.34899999999996,27.15100000000004
1.0,6.123233995736766e-17,1.8,4.4,4.7,5.3,6.665999999999997,-1.365999999999997
0.49999999999999994,-0.8660254037844387,181.2,162.9,171.5,172.8,162.99599999999998,9.80400000000003
-0.8660254037844385,-0.5000000000000004,31.9,29.0,25.5,21.6,31.18999999999999,-9.58999999999999
0.49999999999999994,0.8660254037844387,40.3,22.3,7.9,23.8,17.94700000000001,5.852999999999991
-2.4492935982947064e-16,1.0,127.9,71.6,75.7,78.1,67.55700000000003,10.542999999999964
-0.5000000000000004,0.8660254037844384,90.5,141.7,133.2,139.0,136.16400000000004,2.835999999999956
0.49999999999999994,0.8660254037844387,143.9,121.2,126.9,82.1,108.03999999999995,-25.939999999999955
1.0,6.123233995736766e-17,222.8,158.5,172.5,130.5,159.18899999999996,-28.688999999999965
-1.0,-1.8369701987210297e-16,67.2,169.6,179.5,133.2,175.00199999999998,-41.80199999999999
-0.4999999999999997,-0.8660254037844388,51.4,89.0,104.3,80.0,104.067,-24.066999999999993
0.8660254037844386,0.5000000000000001,104.7,84.1,70.2,99.1,87.207,11.893
1.0,6.123233995736766e-17,43.5,56.4,57.0,54.1,53.23799999999997,0.8620000000000303
-0.8660254037844386,0.5000000000000001,231.7,285.1,283.5,256.9,256.6619999999999,0.2380000000000564
-2.4492935982947064e-16,1.0,45.8,31.7,8.9,21.2,27.415000000000006,-6.215000000000007
-0.8660254037844385,-0.5000000000000004,24.3,9.1,19.1,12.9,12.277999999999999,0.6220000000000017
0.49999999999999994,-0.8660254037844387,61.9,81.8,65.4,60.3,81.04000000000003,-20.740000000000038
-0.5000000000000004,0.8660254037844384,15.0,97.4,64.7,93.0,101.72699999999999,-8.72699999999999
-1.0,-1.8369701987210297e-16,62.4,139.4,131.4,142.7,132.72000000000006,9.979999999999933
0.8660254037844386,0.5000000000000001,115.9,119.9,152.8,122.4,130.3619999999999,-7.961999999999904
0.49999999999999994,0.8660254037844387,100.6,70.7,59.6,74.2,67.49199999999998,6.708000000000027
0.8660254037844386,0.5000000000000001,6.3,3.8,10.6,4.8,8.391999999999994,-3.5919999999999943
1.0,6.123233995736766e-17,263.0,180.8,157.9,145.7,160.39000000000001,-14.690000000000026
0.8660254037844386,0.5000000000000001,118.5,132.7,150.8,200.3,140.29299999999998,60.00700000000003
0.49999999999999994,0.8660254037844387,15.9,6.4,6.3,9.3,7.420999999999997,1.879000000000004
-0.4999999999999997,-0.8660254037844388,163.4,168.3,197.3,162.6,187.07799999999992,-24.477999999999923
-0.8660254037844386,0.5000000000000001,216.2,94.0,91.9,133.4,91.47100000000002,41.92899999999999
1.2246467991473532e-16,-1.0,142.1,96.5,85.9,92.0,89.46,2.5400000000000063
0.8660254037844386,0.5000000000000001,127.8,60.6,72.2,74.6,68.036,6.563999999999993
-0.4999999999999997,-0.8660254037844388,86.5,67.2,71.4,82.9,80.91000000000003,1.9899999999999807
-0.4999999999999997,-0.8660254037844388,109.5,69.8,65.7,84.3,68.96499999999993,15.335000000000065
0.49999999999999994,0.8660254037844387,17.3,3.1,4.9,7.7,6.9079999999999915,0.7920000000000087
0.49999999999999994,-0.8660254037844387,55.4,52.0,50.1,40.8,43.12300000000005,-2.32300000000005
1.0,6.123233995736766e-17,5.5,14.2,1.3,11.1,11.759000000000013,-0.6590000000000131
-0.8660254037844386,0.5000000000000001,57.3,10.1,17.9,20.4,11.112,9.287999999999998
-0.8660254037844386,0.5000000000000001,63.4,132.0,121.1,78.5,138.20099999999994,-59.70099999999994
0.8660254037844387,-0.4999999999999998,71.0,47.9,56.6,96.1,38.56500000000001,57.53499999999998
1.2246467991473532e-16,-1.0,99.6,33.6,41.7,52.0,31.427000000000017,20.572999999999983
0.49999999999999994,0.8660254037844387,20.3,45.5,67.0,62.0,51.677999999999976,10.322000000000024
-0.4999999999999997,-0.8660254037844388,61.7,13.1,14.8,14.4,19.196999999999996,-4.796999999999995
0.49999999999999994,0.8660254037844387,90.4,57.5,70.9,75.5,65.69000000000001,9.809999999999988
-2.4492935982947064e-16,1.0,147.2,113.9,114.4,124.2,104.11600000000006,20.083999999999946
0.49999999999999994,-0.8660254037844387,107.0,182.2,139.7,194.4,154.99799999999988,39.40200000000013
1.0,6.123233995736766e-17,95.5,49.0,67.6,48.7,79.5429999999999,-30.842999999999904
0.49999999999999994,-0.8660254037844387,243.6,155.1,145.7,180.5,148.57899999999998,31.92100000000002
1.0,6.123233995736766e-17,51.6,52.5,44.0,35.7,55.17,-19.47
1.2246467991473532e-16,-1.0,34.2,65.9,90.4,76.0,68.47899999999996,7.521000000000043
0.49999999999999994,0.8660254037844387,286.7,155.5,121.7,147.8,151.19500000000005,-3.3950000000000387
0.49999999999999994,-0.8660254037844387,169.9,232.2,178.7,254.7,212.9680000000001,41.731999999999886
0.49999999999999994,0.8660254037844387,313.4,182.6,231.5,265.2,187.16199999999998,78.03800000000001
0.8660254037844386,0.5000000000000001,122.4,133.9,154.7,129.0,142.52399999999994,-13.523999999999944
0.8660254037844387,-0.4999999999999998,142.3,234.5,141.3,211.1,222.25799999999992,-11.15799999999993
0.49999999999999994,0.8660254037844387,135.4,115.9,104.1,143.5,99.08599999999996,44.414000000000044
-1.0,-1.8369701987210297e-16,185.0,91.6,75.4,63.2,110.96100000000007,-47.76100000000007
0.49999999999999994,0.8660254037844387,2.8,14.0,24.9,7.4,22.623000000000005,-15.223000000000004
0.8660254037844386,0.5000000000000001,60.0,40.6,13.6,14.5,36.46199999999998,-21.961999999999982
1.2246467991473532e-16,-1.0,131.6,94.3,142.2,98.5,113.14300000000003,-14.643000000000029
0.49999999999999994,-0.8660254037844387,164.0,126.9,145.8,110.9,129.30800000000002,-18.408000000000015
-0.4999999999999997,-0.8660254037844388,293.6,100.8,72.5,128.2,96.57199999999995,31.628000000000043
-0.8660254037844386,0.5000000000000001,30.1,41.0,71.8,32.5,51.68399999999997,-19.18399999999997
0.8660254037844386,0.5000000000000001,7.0,7.5,29.0,2.5,15.068000000000007,-12.568000000000007
0.8660254037844387,-0.4999999999999998,0.4,5.5,2.5,10.2,8.447999999999997,1.7520000000000024
0.49999999999999994,0.8660254037844387,80.2,179.9,135.1,108.8,130.79800000000006,-21.99800000000006
-2.4492935982947064e-16,1.0,211.4,158.1,141.6,143.3,168.13299999999984,-24.832999999999828
0.8660254037844386,0.5000000000000001,170.8,148.2,184.3,169.8,172.77,-2.969999999999999
-0.8660254037844386,0.5000000000000001,28.1,60.8,58.0,83.0,53.19800000000001,29.801999999999992
-0.4999999999999997,-0.8660254037844388,112.5,142.4,153.7,87.2,124.82700000000003,-37.627000000000024
-0.4999999999999997,-0.8660254037844388,104.3,77.6,102.1,62.0,79.67199999999998,-17.671999999999983
0.8660254037844386,0.5000000000000001,48.1,0.4,3.9,0.8,7.998999999999999,-7.198999999999999
-0.8660254037844385,-0.5000000000000004,201.4,191.1,153.3,252.1,179.69300000000018,72.40699999999981
0.8660254037844387,-0.4999999999999998,143.7,191.7,171.8,189.7,190.69600000000005,-0.9960000000000662
1.0,6.123233995736766e-17,8.5,4.0,0.4,7.4,9.043999999999993,-1.643999999999993
0.8660254037844387,-0.4999999999999998,124.6,142.4,122.4,134.3,129.09100000000007,5.208999999999946
0.8660254037844387,-0.4999999999999998,4.8,3.0,8.5,18.9,7.627999999999993,11.272000000000006
1.2246467991473532e-16,-1.0,15.3,32.9,18.8,11.2,30.048999999999996,-18.848999999999997
0.49999999999999994,-0.8660254037844387,68.1,48.6,56.4,19.2,61.454000000000036,-42.25400000000003
-0.4999999999999997,-0.8660254037844388,7.4,15.3,5.3,5.9,18.694999999999993,-12.794999999999993
-0.5000000000000004,0.8660254037844384,29.6,14.8,6.6,13.7,16.512000000000004,-2.8120000000000047
0.49999999999999994,-0.8660254037844387,116.2,77.1,126.0,102.1,95.14900000000002,6.950999999999979
1.0,6.123233995736766e-17,143.5,122.4,119.9,82.7,118.10099999999997,-35.40099999999997
-0.8660254037844386,0.5000000000000001,208.2,202.9,223.7,192.9,177.15200000000007,15.747999999999934
-1.0,-1.8369701987210297e-16,80.0,91.3,62.0,41.7,105.66000000000003,-63.96000000000002
0.8660254037844387,-0.4999999999999998,91.2,111.7,92.4,119.8,84.09199999999998,35.70800000000001
-2.4492935982947064e-16,1.0,215.8,90.4,91.7,89.5,103.62199999999997,-14.121999999999971
-0.5000000000000004,0.8660254037844384,0.6,23.9,80.4,14.0,28.217,-14.216999999999999
-2.4492935982947064e-16,1.0,122.0,82.9,97.8,72.2,107.91399999999996,-35.713999999999956
-0.5000000000000004,0.8660254037844384,140.6,133.3,129.9,125.2,118.444,6.756
-0.5000000000000004,0.8660254037844384,157.8,91.7,123.3,90.4,100.76199999999999,-10.36199999999998
-0.8660254037844385,-0.5000000000000004,83.5,75.2,81.7,45.4,77.61099999999999,-32.21099999999999
1.0,6.123233995736766e-17,108.4,208.7,210.1,170.4,176.2180000000002,-5.818000000000183
1.0,6.123233995736766e-17,111.7,155.1,136.0,116.1,146.21599999999992,-30.11599999999993
-0.5000000000000004,0.8660254037844384,78.7,79.6,103.1,60.9,91.95899999999995,-31.058999999999948
-1.0,-1.8369701987210297e-16,266.9,252.1,191.1,169.1,204.5289999999999,-35.42899999999992
1.2246467991473532e-16,-1.0,107.4,190.2,124.6,191.4,185.62699999999998,5.773000000000025
0.8660254037844387,-0.4999999999999998,11.0,11.1,14.2,7.3,14.913999999999987,-7.6139999999999874
-0.8660254037844386,0.5000000000000001,56.1,84.1,36.6,43.7,73.50200000000001,-29.802000000000007
-0.8660254037844385,-0.5000000000000004,39.7,0.7,10.0,5.9,12.008999999999997,-6.108999999999996
-0.4999999999999997,-0.8660254037844388,242.6,75.4,106.9,75.7,90.79900000000004,-15.099000000000032
0.8660254037844386,0.5000000000000001,84.8,55.1,56.9,71.7,55.115999999999985,16.584000000000017
0.49999999999999994,-0.8660254037844387,15.7,27.6,13.0,15.1,29.188000000000006,-14.088000000000006
-0.4999999999999997,-0.8660254037844388,11.6,6.2,19.2,35.2,7.015999999999999,28.184000000000005
-0.8660254037844385,-0.5000000000000004,67.5,147.6,149.8,215.4,149.13099999999994,66.26900000000006
-0.4999999999999997,-0.8660254037844388,99.9,30.5,54.2,42.2,35.327000000000005,6.8729999999999976
-0.8660254037844386,0.5000000000000001,78.7,160.4,223.5,206.2,165.37000000000003,40.829999999999956
-0.8660254037844385,-0.5000000000000004,9.9,12.9,20.8,35.7,21.200999999999993,14.49900000000001
-0.4999999999999997,-0.8660254037844388,5.9,11.2,32.9,15.3,16.618000000000006,-1.318000000000005
0.49999999999999994,0.8660254037844387,49.8,71.0,63.3,67.6,57.45699999999998,10.143000000000015
-0.8660254037844386,0.5000000000000001,48.8,16.7,16.7,13.3,20.906000000000013,-7.606000000000012
1.2246467991473532e-16,-1.0,224.7,187.5,186.9,128.8,168.205,-39.405
0.8660254037844387,-0.4999999999999998,21.6,17.3,5.7,50.3,17.505,32.795
0.8660254037844387,-0.4999999999999998,125.9,56.4,35.9,48.6,55.51700000000005,-6.917000000000051
0.49999999999999994,0.8660254037844387,24.4,56.2,64.0,59.5,50.122,9.378
0.49999999999999994,0.8660254037844387,40.1,13.1,15.9,22.5,25.03199999999999,-2.5319999999999894
0.49999999999999994,0.8660254037844387,181.7,150.8,175.7,132.7,166.168,-33.46800000000002
0.49999999999999994,0.8660254037844387,22.2,44.5,54.7,29.3,41.71999999999999,-12.419999999999991
0.49999999999999994,0.8660254037844387,231.5,127.0,98.6,159.0,127.91900000000004,31.08099999999996
0.8660254037844386,0.5000000000000001,184.5,172.5,179.0,158.5,190.75600000000003,-32.25600000000003
-0.4999999999999997,-0.8660254037844388,207.2,18.8,13.9,25.2,18.44,6.759999999999998
0.8660254037844387,-0.4999999999999998,52.6,64.8,70.4,68.9,81.51999999999997,-12.619999999999962
0.49999999999999994,0.8660254037844387,224.5,132.9,129.2,175.9,129.64100000000013,46.25899999999987
0.49999999999999994,-0.8660254037844387,169.3,101.6,85.9,81.5,107.51199999999997,-26.011999999999972
-0.8660254037844385,-0.5000000000000004,33.7,12.7,31.5,33.6,17.484000000000005,16.115999999999996
-1.0,-1.8369701987210297e-16,235.0,96.4,101.0,123.3,91.48399999999992,31.816000000000074
-0.8660254037844385,-0.5000000000000004,98.5,77.5,108.4,91.3,78.977,12.322999999999993
-0.4999999999999997,-0.8660254037844388,191.1,202.9,142.1,123.0,193.04999999999995,-70.04999999999995
1.0,6.123233995736766e-17,104.4,66.3,74.2,109.2,77.49999999999997,31.70000000000003
-1.0,-1.8369701987210297e-16,176.0,76.6,134.4,87.8,100.10100000000004,-12.301000000000045
0.49999999999999994,0.8660254037844387,71.4,117.9,78.6,48.4,98.29700000000001,-49.89700000000001
1.2246467991473532e-16,-1.0,122.4,194.4,182.2,217.1,191.11999999999998,25.980000000000018
0.8660254037844386,0.5000000000000001,60.8,230.0,290.0,215.3,209.78099999999986,5.519000000000148
-0.5000000000000004,0.8660254037844384,159.5,151.2,187.9,147.2,163.99100000000007,-16.791000000000082
-0.8660254037844385,-0.5000000000000004,154.2,221.9,206.3,190.5,219.794,-29.29400000000001
-0.4999999999999997,-0.8660254037844388,129.5,134.6,117.1,99.7,111.41599999999991,-11.715999999999909
-0.4999999999999997,-0.8660254037844388,80.0,85.3,110.9,88.5,106.25200000000001,-17.75200000000001
-0.5000000000000004,0.8660254037844384,42.6,32.5,41.0,46.7,46.60300000000002,0.09699999999997999
-0.4999999999999997,-0.8660254037844388,74.6,139.5,121.6,110.9,143.865,-32.965
0.49999999999999994,-0.8660254037844387,233.3,90.9,155.8,63.4,115.998,-52.598000000000006
-2.4492935982947064e-16,1.0,16.6,17.9,35.9,36.0,22.720999999999993,13.279000000000007
-0.8660254037844386,0.5000000000000001,14.8,16.7,32.3,13.0,20.40600000000001,-7.4060000000000095
-1.0,-1.8369701987210297e-16,262.2,218.8,141.3,221.1,191.51699999999994,29.583000000000055
0.8660254037844387,-0.4999999999999998,5.6,91.3,43.9,18.3,102.92999999999996,-84.62999999999997
0.8660254037844386,0.5000000000000001,86.0,13.9,1.8,28.4,18.487000000000002,9.912999999999997
-0.5000000000000004,0.8660254037844384,31.8,50.1,55.2,33.7,51.46100000000004,-17.76100000000004
-0.4999999999999997,-0.8660254037844388,117.1,139.8,90.6,112.5,131.08899999999997,-18.58899999999997
0.49999999999999994,0.8660254037844387,59.5,48.9,31.8,37.9,51.964999999999975,-14.064999999999976
1.0,6.123233995736766e-17,108.9,40.8,52.6,61.9,43.64099999999999,18.259000000000007
0.8660254037844386,0.5000000000000001,132.5,108.8,179.9,83.1,128.01799999999994,-44.91799999999995
-1.0,-1.8369701987210297e-16,117.7,31.5,31.4,72.7,34.12500000000001,38.574999999999996
-0.5000000000000004,0.8660254037844384,0.3,21.6,13.9,7.5,26.607000000000017,-19.107000000000017
0.8660254037844386,0.5000000000000001,92.6,22.2,29.3,5.9,22.62100000000001,-16.72100000000001
-0.8660254037844385,-0.5000000000000004,50.8,25.5,2.7,14.8,23.20599999999999,-8.405999999999988
-2.4492935982947064e-16,1.0,25.7,76.6,114.5,45.7,89.78999999999998,-44.089999999999975
-2.4492935982947064e-16,1.0,18.5,17.0,13.0,31.4,13.742999999999993,17.657000000000004
-1.0,-1.8369701987210297e-16,40.5,60.5,62.4,37.2,60.21199999999998,-23.01199999999998
1.0,6.123233995736766e-17,120.4,104.7,114.8,83.8,113.61100000000002,-29.81100000000002
-2.4492935982947064e-16,1.0,249.6,178.8,199.4,197.1,194.955,2.144999999999982
1.2246467991473532e-16,-1.0,112.9,131.9,155.8,98.5,141.51199999999994,-43.011999999999944
0.49999999999999994,0.8660254037844387,191.0,153.9,184.6,156.6,163.54500000000013,-6.945000000000135
-0.4999999999999997,-0.8660254037844388,159.7,74.8,80.0,111.7,80.97899999999997,30.721000000000032
-0.5000000000000004,0.8660254037844384,98.1,84.5,75.1,109.5,83.47000000000001,26.029999999999987
0.8660254037844387,-0.4999999999999998,156.4,94.3,143.0,65.5,108.69699999999999,-43.19699999999999
0.8660254037844387,-0.4999999999999998,101.1,79.3,84.8,131.7,101.77799999999999,29.921999999999997
1.0,6.123233995736766e-17,3.0,34.1,31.1,38.5,31.914999999999992,6.585000000000008
-0.4999999999999997,-0.8660254037844388,31.4,56.1,60.3,33.2,58.916000000000004,-25.716
-0.5000000000000004,0.8660254037844384,156.8,168.7,106.3,188.3,131.3370000000001,56.96299999999991
1.0,6.123233995736766e-17,85.8,126.1,115.2,83.3,109.22300000000001,-25.923000000000016
-0.4999999999999997,-0.8660254037844388,29.0,18.9,41.8,29.6,26.166,3.434000000000001
-0.8660254037844385,-0.5000000000000004,71.4,179.5,99.0,169.6,127.71299999999991,41.887000000000086
-0.8660254037844386,0.5000000000000001,152.2,134.5,132.7,99.0,114.99100000000003,-15.991000000000028
1.2246467991473532e-16,-1.0,55.6,41.4,44.9,34.2,43.008999999999986,-8.808999999999983
-1.0,-1.8369701987210297e-16,133.2,109.6,117.1,57.3,112.18800000000003,-54.888000000000034
-0.8660254037844385,-0.5000000000000004,63.8,110.9,139.5,83.5,119.03099999999996,-35.53099999999996
-2.4492935982947064e-16,1.0,7.1,7.0,4.5,3.7,4.641000000000002,-0.9410000000000016
0.8660254037844387,-0.4999999999999998,4.6,22.5,24.5,34.6,20.581000000000014,14.018999999999988
-0.5000000000000004,0.8660254037844384,75.2,109.1,141.7,102.5,105.08799999999998,-2.5879999999999797
-0.8660254037844386,0.5000000000000001,186.3,180.1,190.0,117.3,172.67299999999994,-55.37299999999995
0.8660254037844387,-0.4999999999999998,21.1,35.7,52.5,14.1,35.042999999999985,-20.942999999999984
-2.4492935982947064e-16,1.0,29.3,54.7,80.5,44.5,58.44600000000002,-13.94600000000002
-0.8660254037844386,0.5000000000000001,47.4,71.2,75.3,127.9,65.115,62.78500000000001
-0.4999999999999997,-0.8660254037844388,17.2,2.4,4.7,1.5,8.750999999999994,-7.250999999999994
-1.0,-1.8369701987210297e-16,171.8,67.5,75.7,96.1,89.76600000000003,6.3339999999999606
-2.4492935982947064e-16,1.0,134.9,102.0,127.7,152.8,99.71599999999997,53.084000000000046
-1.0,-1.8369701987210297e-16,59.7,0.3,0.6,1.2,8.614999999999997,-7.4149999999999965
0.8660254037844387,-0.4999999999999998,74.8,54.5,66.7,75.3,62.72199999999997,12.578000000000024
1.2246467991473532e-16,-1.0,102.1,74.6,53.5,63.8,81.70299999999997,-17.902999999999977
0.8660254037844386,0.5000000000000001,70.4,119.7,164.4,116.4,122.69799999999994,-6.297999999999931
-1.0,-1.8369701987210297e-16,225.1,180.5,244.3,156.0,181.642,-25.641999999999996
0.49999999999999994,0.8660254037844387,84.9,28.9,70.1,48.1,38.673999999999985,9.426000000000016
0.8660254037844386,0.5000000000000001,125.3,115.5,169.0,73.1,127.61599999999991,-54.51599999999992
0.49999999999999994,0.8660254037844387,14.0,9.6,8.3,5.6,12.095999999999998,-6.495999999999999
1.2246467991473532e-16,-1.0,51.2,56.3,57.5,51.5,56.72600000000003,-5.2260000000000275
1.2246467991473532e-16,-1.0,20.5,153.8,142.3,98.3,161.50099999999995,-63.20099999999995
-2.4492935982947064e-16,1.0,66.7,235.8,261.7,290.0,231.31600000000006,58.68399999999994
0.49999999999999994,0.8660254037844387,131.2,88.3,109.5,124.5,88.88999999999999,35.610000000000014
-0.4999999999999997,-0.8660254037844388,2.9,18.8,39.1,38.2,19.425000000000008,18.774999999999995
0.8660254037844387,-0.4999999999999998,230.3,181.2,186.4,178.6,178.4470000000001,0.15299999999990632
0.49999999999999994,-0.8660254037844387,6.5,142.3,79.5,153.8,122.91199999999995,30.888000000000062
1.2246467991473532e-16,-1.0,20.8,4.6,3.6,5.2,5.887999999999998,-0.687999999999998
1.0,6.123233995736766e-17,31.5,3.4,9.8,17.4,12.579,4.820999999999998
-0.5000000000000004,0.8660254037844384,15.4,32.8,59.7,50.4,35.59000000000001,14.809999999999988
-0.8660254037844386,0.5000000000000001,24.4,35.7,28.1,14.4,30.87099999999997,-16.470999999999968
0.49999999999999994,-0.8660254037844387,81.5,170.3,221.1,119.3,182.47799999999998,-63.17799999999998
-0.8660254037844386,0.5000000000000001,220.9,200.9,203.0,217.8,195.014,22.786
1.0,6.123233995736766e-17,58.4,74.3,76.1,77.5,73.46899999999997,4.031000000000034
0.49999999999999994,0.8660254037844387,22.6,29.6,35.9,27.3,29.543000000000006,-2.2430000000000057
-0.8660254037844385,-0.5000000000000004,283.5,137.1,150.1,138.8,138.142,0.6580000000000155
-0.8660254037844386,0.5000000000000001,82.7,31.7,21.6,16.6,32.435,-15.835
-0.8660254037844385,-0.5000000000000004,32.3,7.3,0.4,12.6,6.234,6.366
0.49999999999999994,0.8660254037844387,139.2,154.7,203.6,133.9,166.35,-32.44999999999999
1.2246467991473532e-16,-1.0,70.7,119.3,170.3,163.7,128.44299999999998,35.257000000000005
-0.5000000000000004,0.8660254037844384,90.4,118.7,128.9,96.8,103.64100000000002,-6.841000000000022
1.2246467991473532e-16,-1.0,122.4,80.0,127.1,74.8,103.06300000000002,-28.26300000000002
-0.8660254037844385,-0.5000000000000004,179.6,87.1,142.2,234.3,102.00099999999999,132.29900000000004
0.49999999999999994,0.8660254037844387,235.9,211.4,238.2,227.4,184.53,42.870000000000005
-0.8660254037844386,0.5000000000000001,13.3,168.0,98.5,158.6,149.7780000000001,8.821999999999889
-0.8660254037844386,0.5000000000000001,156.5,106.3,142.3,168.7,111.76399999999992,56.936000000000064
-0.5000000000000004,0.8660254037844384,166.7,93.4,178.6,100.6,94.09899999999999,6.501000000000005
-0.8660254037844386,0.5000000000000001,30.6,23.7,20.8,14.9,25.628,-10.728
1.2246467991473532e-16,-1.0,75.4,141.3,146.8,149.8,145.96500000000006,3.834999999999951
-0.4999999999999997,-0.8660254037844388,77.6,63.8,74.6,113.2,69.57400000000004,43.62599999999996
1.2246467991473532e-16,-1.0,152.4,197.3,181.9,168.3,212.12599999999998,-43.825999999999965
-0.8660254037844386,0.5000000000000001,12.6,15.7,18.2,30.6,16.373999999999985,14.226000000000017
-0.8660254037844386,0.5000000000000001,146.9,72.7,120.6,87.0,88.68200000000003,-1.6820000000000306
-0.8660254037844385,-0.5000000000000004,10.1,11.8,16.5,19.7,18.15099999999999,1.5490000000000101
0.49999999999999994,-0.8660254037844387,68.9,15.8,13.9,35.1,19.513000000000005,15.586999999999996
1.0,6.123233995736766e-17,65.0,215.3,230.0,238.8,193.23700000000005,45.56299999999996
0.49999999999999994,-0.8660254037844387,1.2,5.2,1.5,0.2,4.491999999999997,-4.291999999999997
-1.0,-1.8369701987210297e-16,87.1,104.9,107.7,152.2,83.22599999999994,68.97400000000005
1.2246467991473532e-16,-1.0,134.5,188.3,180.8,257.0,191.2799999999999,65.72000000000011
0.49999999999999994,0.8660254037844387,103.1,78.1,71.6,109.7,72.837,36.863
-0.8660254037844385,-0.5000000000000004,62.5,83.8,66.5,69.7,85.27700000000004,-15.57700000000004
1.2246467991473532e-16,-1.0,8.7,4.1,0.4,8.2,7.421000000000001,0.7789999999999981
-0.8660254037844386,0.5000000000000001,10.5,24.5,13.3,29.1,20.74499999999999,8.355000000000011
-0.5000000000000004,0.8660254037844384,79.7,29.7,93.5,64.8,43.132999999999974,21.667000000000023
-2.4492935982947064e-16,1.0,141.7,139.0,141.7,98.5,128.46199999999996,-29.96199999999996
-0.8660254037844385,-0.5000000000000004,13.3,2.9,17.9,24.1,5.559999999999995,18.540000000000006
1.2246467991473532e-16,-1.0,15.0,185.7,238.0,207.9,223.49599999999998,-15.595999999999975
1.0,6.123233995736766e-17,192.3,219.4,226.1,178.7,189.4910000000001,-10.79100000000011
-1.0,-1.8369701987210297e-16,24.5,24.1,2.9,20.0,18.295,1.7049999999999983
-0.4999999999999997,-0.8660254037844388,202.9,92.0,96.5,100.1,102.914,-2.814000000000007
-0.8660254037844386,0.5000000000000001,102.3,66.0,83.5,64.5,83.68899999999996,-19.188999999999965
0.49999999999999994,-0.8660254037844387,61.4,54.6,77.5,49.0,81.49900000000002,-32.499000000000024
-1.0,-1.8369701987210297e-16,28.0,13.8,4.8,7.0,18.196,-11.196000000000002
1.0,6.123233995736766e-17,32.1,36.9,22.5,17.2,31.353000000000016,-14.153000000000016
-0.8660254037844385,-0.5000000000000004,13.2,138.3,98.3,149.5,110.12399999999991,39.37600000000009
0.8660254037844386,0.5000000000000001,178.7,124.5,88.3,119.9,111.05299999999997,8.847000000000037
0.49999999999999994,0.8660254037844387,1.3,17.6,13.0,15.7,23.082000000000008,-7.3820000000000086
0.8660254037844386,0.5000000000000001,71.8,59.5,56.2,87.9,53.35599999999997,34.54400000000003
0.49999999999999994,0.8660254037844387,78.1,48.8,48.2,24.4,57.792,-33.392
0.49999999999999994,-0.8660254037844387,14.3,7.7,16.9,13.1,8.496999999999993,4.603000000000007
0.49999999999999994,-0.8660254037844387,96.9,21.6,46.3,19.4,27.87500000000003,-8.47500000000003
0.49999999999999994,-0.8660254037844387,254.7,197.6,197.0,166.9,193.605,-26.704999999999984
-2.4492935982947064e-16,1.0,188.3,34.4,33.6,24.5,43.51600000000005,-19.016000000000048
-1.0,-1.8369701987210297e-16,11.3,9.1,9.5,18.7,12.953,5.747
-0.4999999999999997,-0.8660254037844388,27.6,9.8,13.4,18.3,12.604999999999993,5.695000000000007
-2.4492935982947064e-16,1.0,339.0,121.7,152.5,155.5,132.16200000000003,23.337999999999965
-0.5000000000000004,0.8660254037844384,22.8,29.7,20.0,7.9,23.521999999999995,-15.621999999999995
-0.5000000000000004,0.8660254037844384,203.6,186.3,205.8,203.2,171.92700000000002,31.272999999999968
-1.0,-1.8369701987210297e-16,126.7,267.4,223.5,239.9,248.4869999999998,-8.58699999999979
-0.8660254037844386,0.5000000000000001,13.9,28.1,10.5,11.2,21.236000000000004,-10.036000000000005
-2.4492935982947064e-16,1.0,14.7,18.1,25.5,47.9,16.692000000000007,31.20799999999999
-0.8660254037844385,-0.5000000000000004,229.5,201.4,237.5,223.7,195.22700000000003,28.472999999999956
-0.8660254037844386,0.5000000000000001,40.1,59.7,35.7,32.8,58.61699999999996,-25.816999999999965
1.2246467991473532e-16,-1.0,15.3,36.9,14.1,20.5,29.245000000000005,-8.745000000000005
-1.0,-1.8369701987210297e-16,186.7,65.4,51.4,60.9,89.48500000000006,-28.585000000000058
-0.4999999999999997,-0.8660254037844388,7.3,23.3,34.5,17.3,16.968000000000018,0.331999999999983
0.49999999999999994,-0.8660254037844387,147.5,136.8,71.3,52.5,128.10799999999995,-75.60799999999995
0.49999999999999994,-0.8660254037844387,398.2,205.5,200.0,205.8,194.192,11.608000000000004
-0.8660254037844386,0.5000000000000001,233.3,168.9,240.8,197.1,195.842,1.2579999999999814
-0.4999999999999997,-0.8660254037844388,80.2,54.9,27.0,30.6,57.355000000000054,-26.755000000000052
1.2246467991473532e-16,-1.0,146.7,68.9,44.8,44.5,75.27999999999997,-30.779999999999973
-0.5000000000000004,0.8660254037844384,69.9,57.2,53.5,59.4,53.68900000000002,5.710999999999977
0.49999999999999994,-0.8660254037844387,190.3,189.7,191.7,175.2,172.07800000000003,3.1219999999999573
-0.4999999999999997,-0.8660254037844388,194.6,142.2,125.7,87.1,131.205,-44.10500000000002
1.2246467991473532e-16,-1.0,99.0,97.0,87.9,119.9,98.48200000000003,21.417999999999978
-0.5000000000000004,0.8660254037844384,186.0,133.4,94.0,129.6,149.05500000000004,-19.45500000000004
0.49999999999999994,0.8660254037844387,188.2,181.7,186.0,118.5,161.6440000000001,-43.14400000000009
0.49999999999999994,-0.8660254037844387,48.4,87.6,101.1,71.4,102.664,-31.263999999999996
0.8660254037844387,-0.4999999999999998,75.0,51.1,25.1,3.9,49.357,-45.457
0.8660254037844386,0.5000000000000001,45.4,22.5,13.1,36.9,19.94600000000001,16.95399999999999
-0.5000000000000004,0.8660254037844384,97.8,90.0,130.0,103.6,97.586,6.013999999999996
-0.5000000000000004,0.8660254037844384,45.7,67.1,40.5,29.5,58.67999999999996,-29.179999999999957
0.49999999999999994,0.8660254037844387,190.0,89.5,90.4,40.1,90.01499999999999,-49.914999999999985
-2.4492935982947064e-16,1.0,205.6,181.3,231.7,164.9,197.26600000000002,-32.366000000000014
1.2246467991473532e-16,-1.0,163.7,78.8,94.4,69.6,85.03800000000005,-15.43800000000006
-0.5000000000000004,0.8660254037844384,121.7,263.6,266.9,259.5,237.33599999999984,22.164000000000158
0.8660254037844386,0.5000000000000001,158.5,235.9,173.9,194.7,199.058,-4.358000000000004
0.8660254037844387,-0.4999999999999998,24.7,50.1,71.8,52.0,60.66399999999999,-8.663999999999987
-0.5000000000000004,0.8660254037844384,131.0,13.3,30.0,25.0,24.991999999999997,0.008000000000002672
0.8660254037844387,-0.4999999999999998,44.0,44.5,47.1,54.0,43.80399999999999,10.196000000000012
1.0,6.123233995736766e-17,197.0,170.2,184.6,147.1,185.22200000000004,-38.12200000000004
0.8660254037844386,0.5000000000000001,189.9,198.3,212.6,230.7,195.00799999999995,35.692000000000036
-2.4492935982947064e-16,1.0,64.7,45.3,82.7,49.8,60.162000000000006,-10.362000000000009
0.8660254037844387,-0.4999999999999998,18.3,16.8,36.9,4.9,31.748999999999974,-26.848999999999975
-0.4999999999999997,-0.8660254037844388,9.8,2.8,5.5,9.5,9.437999999999997,0.06200000000000294
-1.0,-1.8369701987210297e-16,193.7,226.7,235.8,235.0,209.92999999999992,25.07000000000008
1.2246467991473532e-16,-1.0,115.5,54.2,21.1,30.5,54.74100000000003,-24.241000000000028
-0.8660254037844385,-0.5000000000000004,0.6,0.9,1.2,0.5,3.2799999999999994,-2.7799999999999994
-0.8660254037844385,-0.5000000000000004,161.9,80.4,69.6,62.5,91.34000000000007,-28.840000000000074
-0.8660254037844386,0.5000000000000001,67.2,4.3,10.1,22.0,17.39799999999999,4.602000000000011
-0.5000000000000004,0.8660254037844384,51.1,86.0,89.7,69.8,77.57599999999995,-7.775999999999954
0.49999999999999994,-0.8660254037844387,34.5,230.3,224.3,186.1,190.981,-4.881
-0.8660254037844385,-0.5000000000000004,223.7,211.9,238.9,282.6,201.32900000000006,81.27099999999996
-0.5000000000000004,0.8660254037844384,91.5,117.5,104.7,108.9,84.50800000000002,24.39199999999998
1.2246467991473532e-16,-1.0,59.6,60.3,81.8,56.1,75.84300000000003,-19.74300000000003
0.8660254037844386,0.5000000000000001,216.7,75.0,78.8,115.9,90.39800000000005,25.501999999999953
-0.8660254037844385,-0.5000000000000004,171.7,51.4,92.8,65.4,88.41799999999992,-23.017999999999915
0.8660254037844386,0.5000000000000001,194.7,227.4,211.4,171.8,174.73899999999998,-2.9389999999999645
-0.8660254037844385,-0.5000000000000004,223.7,136.2,156.2,154.8,139.491,15.308999999999997
-0.8660254037844385,-0.5000000000000004,223.5,232.0,214.9,220.9,215.07599999999988,5.824000000000126
0.8660254037844386,0.5000000000000001,74.3,57.9,65.0,32.4,51.28199999999999,-18.88199999999999
-0.8660254037844386,0.5000000000000001,14.4,80.4,36.4,23.9,94.51100000000002,-70.61100000000002
-0.8660254037844385,-0.5000000000000004,133.0,148.2,167.5,156.7,143.47899999999998,13.221000000000004
0.8660254037844387,-0.4999999999999998,16.4,36.4,35.3,69.0,37.12600000000004,31.87399999999996
0.49999999999999994,-0.8660254037844387,110.9,128.2,101.6,112.5,121.28900000000002,-8.789000000000016
1.0,6.123233995736766e-17,145.8,112.0,105.4,101.6,96.55499999999995,5.045000000000044
-2.4492935982947064e-16,1.0,179.0,138.5,177.1,173.9,169.44200000000004,4.45799999999997
-0.8660254037844386,0.5000000000000001,109.0,126.4,118.7,79.8,121.08899999999996,-41.28899999999996
0.8660254037844386,0.5000000000000001,170.5,226.1,249.6,219.4,185.27100000000007,34.128999999999934
-0.8660254037844385,-0.5000000000000004,72.6,30.6,54.9,43.0,38.98999999999998,4.010000000000019
-0.8660254037844385,-0.5000000000000004,91.6,21.0,34.2,44.4,24.324,20.075999999999997
0.49999999999999994,-0.8660254037844387,141.6,248.0,222.8,233.0,199.46100000000007,33.53899999999993
-0.8660254037844385,-0.5000000000000004,73.3,14.4,13.1,6.6,20.01100000000001,-13.41100000000001
1.2246467991473532e-16,-1.0,68.5,10.0,16.7,15.0,11.120999999999999,3.8790000000000013
-1.0,-1.8369701987210297e-16,220.9,97.3,128.2,88.6,105.22899999999994,-16.628999999999948
0.49999999999999994,0.8660254037844387,119.7,205.6,192.3,220.9,187.64800000000002,33.25199999999998
-0.8660254037844385,-0.5000000000000004,93.1,79.7,119.1,114.9,97.68900000000002,17.210999999999984
-1.0,-1.8369701987210297e-16,77.5,32.0,42.2,80.6,48.178000000000004,32.42199999999999
-1.0,-1.8369701987210297e-16,10.9,7.1,13.9,13.9,9.814000000000007,4.085999999999993
0.49999999999999994,-0.8660254037844387,224.7,102.9,129.5,89.6,118.9829999999999,-29.38299999999991
1.2246467991473532e-16,-1.0,207.9,125.7,74.6,142.2,117.84600000000005,24.353999999999942
-0.4999999999999997,-0.8660254037844388,170.5,165.2,172.8,180.7,168.50900000000001,12.190999999999974
1.0,6.123233995736766e-17,7.3,35.3,40.3,36.4,40.40600000000001,-4.006000000000014
0.49999999999999994,-0.8660254037844387,34.6,20.4,38.5,45.4,37.45000000000002,7.9499999999999815
0.49999999999999994,0.8660254037844387,0.4,22.1,11.1,25.4,26.003000000000014,-0.6030000000000157
0.49999999999999994,-0.8660254037844387,194.4,268.5,134.3,246.4,246.56199999999993,-0.16199999999992087
0.49999999999999994,0.8660254037844387,1.0,1.5,0.5,6.2,5.149999999999995,1.0500000000000052
0.49999999999999994,0.8660254037844387,7.4,17.3,2.8,4.1,18.527,-14.427000000000001
0.49999999999999994,0.8660254037844387,90.0,16.6,9.8,8.2,19.687000000000012,-11.487000000000013
-2.4492935982947064e-16,1.0,22.3,48.8,63.4,29.1,52.94700000000003,-23.84700000000003
-2.4492935982947064e-16,1.0,121.2,89.5,73.4,116.5,84.051,32.449
-0.4999999999999997,-0.8660254037844388,271.0,150.1,169.9,137.1,143.90200000000002,-6.802000000000021
-0.8660254037844386,0.5000000000000001,77.1,30.6,44.4,63.5,38.10800000000002,25.39199999999998
-1.0,-1.8369701987210297e-16,25.5,35.7,38.9,12.4,44.52599999999998,-32.12599999999998
-2.4492935982947064e-16,1.0,216.1,191.0,220.6,265.8,176.275,89.525
-1.0,-1.8369701987210297e-16,219.6,240.8,240.2,168.9,218.29900000000006,-49.39900000000006
1.0,6.123233995736766e-17,183.8,233.6,286.7,270.0,205.98600000000005,64.01399999999995
-2.4492935982947064e-16,1.0,11.6,15.4,40.1,5.8,22.493000000000006,-16.693000000000005
1.2246467991473532e-16,-1.0,242.9,169.9,151.1,150.1,156.46800000000007,-6.36800000000008
-0.4999999999999997,-0.8660254037844388,20.4,24.5,37.2,22.2,34.481,-12.281000000000002
0.8660254037844386,0.5000000000000001,79.3,241.5,216.1,141.3,198.74899999999988,-57.44899999999987
-0.8660254037844386,0.5000000000000001,77.2,40.4,77.8,34.2,57.03299999999996,-22.832999999999956
-2.4492935982947064e-16,1.0,57.5,100.8,119.3,132.4,99.57799999999999,32.82200000000002
-0.4999999999999997,-0.8660254037844388,56.1,51.2,61.1,28.7,56.150000000000034,-27.450000000000035
-1.0,-1.8369701987210297e-16,185.8,131.3,180.4,122.7,160.657,-37.95700000000001
1.2246467991473532e-16,-1.0,151.3,194.7,225.3,131.6,206.69100000000003,-75.09100000000004
0.8660254037844386,0.5000000000000001,21.7,5.6,9.6,15.0,10.436,4.564
-0.8660254037844385,-0.5000000000000004,190.0,114.7,70.7,87.0,108.58000000000001,-21.580000000000013
-0.4999999999999997,-0.8660254037844388,4.7,8.2,4.1,8.5,7.671000000000003,0.8289999999999971
1.0,6.123233995736766e-17,224.3,186.4,265.2,181.2,189.23500000000007,-8.035000000000082
-0.8660254037844385,-0.5000000000000004,214.9,180.7,165.2,203.0,157.54299999999995,45.45700000000005
-2.4492935982947064e-16,1.0,6.6,0.5,0.4,1.5,8.216000000000001,-6.716000000000001
-1.0,-1.8369701987210297e-16,90.1,108.9,108.3,90.7,86.06199999999998,4.638000000000019
0.8660254037844386,0.5000000000000001,45.4,86.0,119.2,98.0,103.81899999999995,-5.818999999999946
1.2246467991473532e-16,-1.0,194.7,203.5,135.7,206.3,203.66100000000006,2.638999999999953
0.8660254037844387,-0.4999999999999998,109.2,88.0,99.9,68.4,111.34700000000001,-42.947
0.49999999999999994,-0.8660254037844387,50.3,32.3,17.7,18.9,34.29399999999998,-15.393999999999984
1.0,6.123233995736766e-17,79.5,141.3,241.5,234.5,159.35499999999996,75.14500000000004
0.49999999999999994,-0.8660254037844387,2.7,7.4,4.0,17.0,6.369000000000001,10.631
-0.4999999999999997,-0.8660254037844388,193.7,284.3,233.0,265.1,233.00199999999978,32.09800000000024
1.0,6.123233995736766e-17,92.5,119.9,124.5,158.0,102.51499999999999,55.485000000000014
-0.4999999999999997,-0.8660254037844388,65.5,112.9,124.0,89.3,107.45900000000003,-18.159000000000034
-2.4492935982947064e-16,1.0,97.3,6.9,7.7,16.3,8.066999999999993,8.233000000000008
-0.8660254037844386,0.5000000000000001,165.3,205.8,175.3,186.3,186.554,-0.2539999999999907
1.0,6.123233995736766e-17,88.3,24.9,18.7,19.6,27.767999999999994,-8.167999999999992
1.0,6.123233995736766e-17,298.3,167.9,156.6,188.0,163.99599999999998,24.00400000000002
0.49999999999999994,-0.8660254037844387,90.9,212.1,183.8,285.0,213.4,71.6
1.0,6.123233995736766e-17,69.8,28.4,13.9,22.5,21.787,0.713000000000001
0.49999999999999994,0.8660254037844387,75.0,131.0,108.9,125.0,133.58700000000002,-8.587000000000018
-0.8660254037844385,-0.5000000000000004,51.8,12.6,8.0,17.9,13.829,4.070999999999998
0.8660254037844387,-0.4999999999999998,8.5,30.3,15.3,23.6,23.862999999999996,-0.26299999999999457
-0.4999999999999997,-0.8660254037844388,275.6,172.4,150.4,178.3,143.1180000000001,35.1819999999999
-0.8660254037844386,0.5000000000000001,81.7,141.7,90.5,109.1,140.59400000000008,-31.494000000000085
1.2246467991473532e-16,-1.0,126.1,24.3,43.5,27.2,43.15800000000004,-15.958000000000037
-0.8660254037844385,-0.5000000000000004,7.4,4.9,6.9,0.5,7.9119999999999955,-7.4119999999999955
-2.4492935982947064e-16,1.0,11.2,7.5,21.6,0.5,10.006999999999998,-9.506999999999998
-0.5000000000000004,0.8660254037844384,173.2,99.0,134.5,130.2,104.07199999999997,26.128000000000014
-0.8660254037844386,0.5000000000000001,8.4,18.7,9.1,25.5,16.79000000000001,8.70999999999999
-0.5000000000000004,0.8660254037844384,67.5,80.5,63.7,54.7,76.35400000000004,-21.65400000000004
-0.8660254037844386,0.5000000000000001,0.5,22.1,0.8,19.5,23.59700000000001,-4.097000000000008
0.49999999999999994,0.8660254037844387,54.3,16.5,29.6,23.9,19.889000000000006,4.010999999999992
0.8660254037844386,0.5000000000000001,47.1,20.1,29.7,17.6,26.021000000000004,-8.421000000000003
-0.8660254037844385,-0.5000000000000004,226.3,128.2,100.8,97.3,130.7949999999999,-33.494999999999905
-0.4999999999999997,-0.8660254037844388,206.3,152.9,242.6,171.8,163.013,8.787000000000006
-0.8660254037844386,0.5000000000000001,82.9,133.2,169.6,141.7,134.18899999999996,7.511000000000024
0.8660254037844387,-0.4999999999999998,180.8,112.9,146.1,109.8,140.25399999999993,-30.453999999999937
-0.5000000000000004,0.8660254037844384,67.0,206.2,160.4,178.4,163.24700000000007,15.152999999999935
-0.4999999999999997,-0.8660254037844388,125.7,84.5,78.6,107.7,96.36,11.340000000000003
1.2246467991473532e-16,-1.0,139.8,153.7,131.7,142.4,145.05199999999996,-2.6519999999999584
0.49999999999999994,-0.8660254037844387,174.5,4.6,19.6,21.5,10.495,11.005
-2.4492935982947064e-16,1.0,129.3,100.6,93.4,109.1,103.16299999999993,5.937000000000069
0.8660254037844387,-0.4999999999999998,117.9,101.1,180.3,87.6,117.96599999999997,-30.36599999999997
-1.0,-1.8369701987210297e-16,91.3,102.3,113.2,46.8,88.17899999999997,-41.37899999999998
1.2246467991473532e-16,-1.0,65.1,19.4,21.6,22.5,20.371,2.1290000000000013
-0.4999999999999997,-0.8660254037844388,91.6,162.6,212.3,275.6,173.53099999999998,102.06900000000005
0.8660254037844387,-0.4999999999999998,127.4,120.4,108.7,134.1,97.10700000000006,36.99299999999994
0.49999999999999994,-0.8660254037844387,27.0,108.8,91.2,74.2,93.25900000000001,-19.05900000000001
0.8660254037844387,-0.4999999999999998,102.4,106.5,84.9,115.5,116.16400000000002,-0.6640000000000157
-1.0,-1.8369701987210297e-16,6.7,43.1,71.0,58.1,47.16099999999999,10.939000000000014
-0.5000000000000004,0.8660254037844384,26.8,11.2,28.1,23.6,11.943999999999994,11.656000000000008
0.49999999999999994,-0.8660254037844387,41.4,90.4,71.6,65.9,89.16799999999999,-23.267999999999986
0.8660254037844386,0.5000000000000001,86.0,19.5,16.3,28.5,19.328999999999994,9.171000000000006
-0.8660254037844385,-0.5000000000000004,8.8,9.5,2.8,9.1,8.019,1.0809999999999995
-0.4999999999999997,-0.8660254037844388,225.7,153.3,175.2,191.1,151.26700000000002,39.83299999999997
-0.5000000000000004,0.8660254037844384,112.1,165.3,149.3,203.6,164.98799999999994,38.61200000000005
0.8660254037844387,-0.4999999999999998,115.0,195.3,194.7,143.7,224.0549999999999,-80.3549999999999
-0.8660254037844386,0.5000000000000001,16.6,28.7,33.7,32.0,21.181999999999984,10.818000000000016
-0.8660254037844386,0.5000000000000001,29.1,20.0,24.1,29.7,21.358,8.341999999999999
1.0,6.123233995736766e-17,82.9,95.7,48.4,86.5,88.29199999999993,-1.7919999999999305
-0.8660254037844386,0.5000000000000001,119.3,167.9,229.5,208.2,196.34499999999997,11.855000000000018
0.49999999999999994,-0.8660254037844387,191.5,76.1,78.6,58.2,86.05600000000004,-27.856000000000037
1.0,6.123233995736766e-17,163.7,74.9,104.4,143.0,84.25800000000002,58.741999999999976
0.8660254037844386,0.5000000000000001,230.9,81.4,122.0,127.8,92.805,34.99499999999999
0.49999999999999994,-0.8660254037844387,106.5,21.1,10.0,54.2,20.303000000000004,33.897
-2.4492935982947064e-16,1.0,59.6,98.7,102.8,112.8,107.59899999999999,5.201000000000008
-2.4492935982947064e-16,1.0,23.3,201.5,228.9,343.8,211.85000000000002,131.95
-1.0,-1.8369701987210297e-16,3.0,9.8,15.1,4.0,8.514999999999999,-4.514999999999999
-0.5000000000000004,0.8660254037844384,134.5,71.7,110.1,51.1,80.881,-29.781
-0.8660254037844386,0.5000000000000001,234.3,152.2,104.9,173.2,130.24999999999997,42.95000000000002
0.8660254037844386,0.5000000000000001,60.9,74.8,45.6,110.2,78.906,31.293999999999997
0.8660254037844387,-0.4999999999999998,10.4,8.5,1.1,2.7,7.297,-4.5969999999999995
-0.5000000000000004,0.8660254037844384,29.5,13.2,37.2,27.5,32.30700000000001,-4.807000000000009
-0.4999999999999997,-0.8660254037844388,31.4,23.6,36.1,10.0,23.236000000000004,-13.236000000000004
-0.8660254037844386,0.5000000000000001,50.0,262.2,228.7,261.7,240.27599999999987,21.42400000000012
0.49999999999999994,0.8660254037844387,5.7,47.4,17.9,30.8,39.74200000000003,-8.942000000000032
0.49999999999999994,0.8660254037844387,9.1,102.5,107.0,104.7,120.69300000000004,-15.993000000000038
