Month_sin,Month_cos,Day_sin,Day_cos,Year,Sunspot_lag1,Diff_11Year,Year,Month,Day,Sunspot_lag12,Date,Monthly Mean Total Sunspot Number,Forecast_Sunspot,Diff
0.8660254037844386,0.5000000000000001,-0.3943558551133187,0.9189578116202306,1876,23.9,-67.4,1876,2,29,35.9,1876-02-29,25.1,21.985264379963006,3.1147356200369956
-2.4492935982947064e-16,1.0,-2.4492935982947064e-16,1.0,1865,46.7,0.1999999999999993,1865,12,31,54.3,1865-12-31,24.3,51.875550595645294,-27.575550595645293
0.49999999999999994,0.8660254037844387,-2.4492935982947064e-16,1.0,2009,1.0,-43.2,2009,1,31,4.1,2009-01-31,1.3,-0.7529100414682368,2.0529100414682366
-0.8660254037844386,0.5000000000000001,-2.4492935982947064e-16,1.0,1988,142.7,94.4,1988,10,31,63.4,1988-10-31,156.5,143.0028522579847,13.4971477420153
-0.5000000000000004,0.8660254037844384,-0.20129852008866114,0.9795299412524943,1957,359.4,92.30000000000001,1957,11,30,285.0,1957-11-30,298.6,337.3835863791311,-38.783586379131066
-0.4999999999999997,-0.8660254037844388,-2.4492935982947064e-16,1.0,1841,92.8,-143.6,1841,7,31,101.0,1841-07-31,51.4,68.90100457787527,-17.50100457787527
1.2246467991473532e-16,-1.0,-0.20129852008866114,0.9795299412524943,1959,243.6,1.4000000000000057,1959,6,30,242.9,1959-06-30,238.9,229.57068535111694,9.32931464888307
0.49999999999999994,-0.8660254037844387,-2.4492935982947064e-16,1.0,1844,34.6,-2.3000000000000007,1844,5,31,35.1,1844-05-31,19.2,41.32198319926789,-22.12198319926789
-0.8660254037844385,-0.5000000000000004,-2.4492935982947064e-16,1.0,1922,18.3,-4.199999999999999,1922,8,31,38.0,1922-08-31,10.9,27.776916993044793,-16.876916993044794
1.0,6.123233995736766e-17,-2.4492935982947064e-16,1.0,1880,45.4,-69.5,1880,3,31,0.9,1880-03-31,32.1,31.22939445172873,0.8706055482712713
0.49999999999999994,0.8660254037844387,-2.4492935982947064e-16,1.0,1857,13.7,-39.7,1857,1,31,5.8,1857-01-31,26.0,9.160158046109252,16.839841953890748
0.8660254037844386,0.5000000000000001,-0.5712682150947924,0.8207634412072763,1867,2.9,-4.4,1867,2,28,60.0,1867-02-28,1.4,21.953794132068168,-20.55379413206817
-0.4999999999999997,-0.8660254037844388,-2.4492935982947064e-16,1.0,1958,242.9,47.5,1958,7,31,265.1,1958-07-31,271.0,239.91447655044317,31.08552344955683
1.2246467991473532e-16,-1.0,-0.20129852008866114,0.9795299412524943,1901,17.0,1.799999999999999,1901,6,30,25.3,1901-06-30,9.7,27.195139326239833,-17.495139326239833
-1.0,-1.8369701987210297e-16,-0.20129852008866114,0.9795299412524943,1925,63.3,79.1,1925,9,30,41.9,1925-09-30,100.3,76.39623312096523,23.903766879034762
0.8660254037844387,-0.4999999999999998,-0.20129852008866114,0.9795299412524943,1855,33.0,-26.200000000000003,1855,4,30,50.3,1855-04-30,8.4,36.74742877574753,-28.34742877574753
-2.4492935982947064e-16,1.0,-2.4492935982947064e-16,1.0,1936,192.3,41.19999999999999,1936,12,31,102.5,1936-12-31,205.6,177.47516414018156,28.124835859818432
1.0,6.123233995736766e-17,-2.4492935982947064e-16,1.0,2000,165.7,47.29999999999998,2000,3,31,103.5,2000-03-31,217.7,158.18245172289738,59.517548277102605
-2.4492935982947064e-16,1.0,-2.4492935982947064e-16,1.0,1921,29.6,-9.800000000000004,1921,12,31,49.8,1921-12-31,33.9,36.639901168632115,-2.739901168632116
0.49999999999999994,-0.8660254037844387,-2.4492935982947064e-16,1.0,1996,6.8,-24.799999999999997,1996,5,31,19.4,1996-05-31,7.6,14.623567641324549,-7.023567641324549
1.0,6.123233995736766e-17,-2.4492935982947064e-16,1.0,1925,38.6,24.7,1925,3,31,3.0,1925-03-31,30.0,43.22797020251002,-13.227970202510022
-0.4999999999999997,-0.8660254037844388,-2.4492935982947064e-16,1.0,1910,20.5,-6.800000000000001,1910,7,31,59.6,1910-07-31,23.5,32.65776782089286,-9.157767820892857
1.0,6.123233995736766e-17,-2.4492935982947064e-16,1.0,1938,198.6,28.099999999999994,1938,3,31,139.7,1938-03-31,144.2,184.44926322822752,-40.249263228227534
0.49999999999999994,0.8660254037844387,-2.4492935982947064e-16,1.0,1952,65.0,-18.199999999999996,1952,1,31,85.0,1952-01-31,57.9,63.07189888054708,-5.171898880547083
0.49999999999999994,0.8660254037844387,-2.4492935982947064e-16,1.0,1787,187.8,188.3,1787,1,31,62.0,1787-01-31,224.5,190.28126506873753,34.218734931262475
0.49999999999999994,0.8660254037844387,-2.4492935982947064e-16,1.0,1960,177.1,38.599999999999994,1960,1,31,307.7,1960-01-31,207.2,188.19380907689896,19.00619092310103
-0.8660254037844385,-0.5000000000000004,-2.4492935982947064e-16,1.0,1832,23.3,-128.5,1832,8,31,91.6,1832-08-31,14.8,16.092910572950245,-1.2929105729502446
-0.4999999999999997,-0.8660254037844388,-2.4492935982947064e-16,1.0,1986,0.6,-22.299999999999997,1986,7,31,39.9,1986-07-31,18.1,12.40750842157938,5.692491578420622
1.0,6.123233995736766e-17,-2.4492935982947064e-16,1.0,1919,132.5,32.0,1919,3,31,120.4,1919-03-31,110.9,131.82539157848692,-20.92539157848691
-0.5000000000000004,0.8660254037844384,-0.20129852008866114,0.9795299412524943,1984,12.6,-7.799999999999997,1984,11,30,45.7,1984-11-30,26.5,22.464088755713036,4.0359112442869645
-0.8660254037844386,0.5000000000000001,-2.4492935982947064e-16,1.0,1864,54.2,-31.39999999999999,1864,10,31,75.7,1864-10-31,64.4,53.7811420472929,10.618857952707103
-0.4999999999999997,-0.8660254037844388,-2.4492935982947064e-16,1.0,1933,8.7,-13.600000000000001,1933,7,31,16.0,1933-07-31,4.7,16.824781548849025,-12.124781548849025
-0.4999999999999997,-0.8660254037844388,-2.4492935982947064e-16,1.0,1946,122.6,137.2,1946,7,31,71.0,1946-07-31,193.7,138.24234488310353,55.45765511689646
1.0,6.123233995736766e-17,-2.4492935982947064e-16,1.0,1915,70.4,-11.400000000000006,1915,3,31,5.3,1915-03-31,64.8,61.467987618520326,3.3320123814796716
0.8660254037844387,-0.4999999999999998,-0.20129852008866114,0.9795299412524943,1937,139.7,117.99999999999999,1937,4,30,124.8,1937-04-30,182.2,154.31032164391874,27.889678356081248
1.0,6.123233995736766e-17,-2.4492935982947064e-16,1.0,1930,83.1,-52.50000000000001,1930,3,31,83.8,1930-03-31,58.4,74.1866359669194,-15.786635966919398
0.8660254037844386,0.5000000000000001,-0.5712682150947924,0.8207634412072763,1969,147.8,-63.099999999999994,1969,2,28,158.5,1969-02-28,170.5,135.97645587875888,34.523544121241116
1.0,6.123233995736766e-17,-2.4492935982947064e-16,1.0,1914,4.4,3.5,1914,3,31,3.8,1914-03-31,5.3,13.27157632195803,-7.97157632195803
0.49999999999999994,-0.8660254037844387,-2.4492935982947064e-16,1.0,1859,162.9,-8.399999999999977,1859,5,31,78.6,1859-05-31,172.8,144.4144252160985,28.385574783901518
-0.8660254037844385,-0.5000000000000004,-2.4492935982947064e-16,1.0,1931,29.0,-10.299999999999997,1931,8,31,41.5,1931-08-31,21.6,35.39865212669027,-13.798652126690271
0.49999999999999994,0.8660254037844387,-2.4492935982947064e-16,1.0,1977,22.3,-16.499999999999996,1977,1,31,11.9,1977-01-31,23.8,21.209876678674306,2.590123321325695
-2.4492935982947064e-16,1.0,-2.4492935982947064e-16,1.0,1863,71.6,-49.80000000000001,1863,12,31,77.6,1863-12-31,78.1,65.11760311978978,12.982396880210217
-0.5000000000000004,0.8660254037844384,-0.20129852008866114,0.9795299412524943,1918,141.7,48.5,1918,11,30,160.7,1918-11-30,139.0,146.2028189287415,-7.202818928741493
0.49999999999999994,0.8660254037844387,-2.4492935982947064e-16,1.0,1961,121.2,-61.80000000000001,1961,1,31,207.2,1961-01-31,82.1,114.3841331580783,-32.284133158078305
1.0,6.123233995736766e-17,-2.4492935982947064e-16,1.0,1968,158.5,-92.30000000000001,1968,3,31,158.3,1968-03-31,130.5,134.8311674334598,-4.331167433459797
-1.0,-1.8369701987210297e-16,-0.20129852008866114,0.9795299412524943,1918,169.6,65.99999999999999,1918,9,30,215.6,1918-09-30,133.2,178.20232844891063,-45.002328448910646
-0.4999999999999997,-0.8660254037844388,-2.4492935982947064e-16,1.0,1852,89.0,28.6,1852,7,31,68.6,1852-07-31,80.0,92.42646484335374,-12.426464843353742
0.8660254037844386,0.5000000000000001,-0.3943558551133187,0.9189578116202306,1940,84.1,-5.6000000000000085,1940,2,29,129.0,1940-02-29,99.1,91.55991306131283,7.540086938687168
1.0,6.123233995736766e-17,-2.4492935982947064e-16,1.0,2016,56.4,10.600000000000001,2016,3,31,54.5,2016-03-31,54.1,61.48458754559513,-7.3845875455951315
-0.8660254037844386,0.5000000000000001,-2.4492935982947064e-16,1.0,1958,285.1,25.19999999999999,1958,10,31,359.4,1958-10-31,256.9,278.3464161886272,-21.44641618862721
-2.4492935982947064e-16,1.0,-2.4492935982947064e-16,1.0,1843,31.7,-24.599999999999998,1843,12,31,29.3,1843-12-31,21.2,32.60729252189058,-11.407292521890579
-0.8660254037844385,-0.5000000000000004,-2.4492935982947064e-16,1.0,1914,9.1,-11.4,1914,8,31,0.4,1914-08-31,12.9,14.510695642740153,-1.6106956427401524
0.49999999999999994,-0.8660254037844387,-2.4492935982947064e-16,1.0,1973,81.8,-1.6000000000000014,1973,5,31,113.9,1973-05-31,60.3,88.48960309392378,-28.18960309392378
-0.5000000000000004,0.8660254037844384,-0.20129852008866114,0.9795299412524943,1909,97.4,78.0,1909,11,30,75.9,1909-11-30,93.0,106.38115792521307,-13.381157925213074
-1.0,-1.8369701987210297e-16,-0.20129852008866114,0.9795299412524943,1988,139.4,80.29999999999998,1988,9,30,42.2,1988-09-30,142.7,135.32400409812402,7.375995901875967
0.8660254037844386,0.5000000000000001,-0.5712682150947924,0.8207634412072763,1862,119.9,6.5,1862,2,28,147.5,1862-02-28,122.4,125.0317465139442,-2.6317465139441936
0.49999999999999994,0.8660254037844387,-2.4492935982947064e-16,1.0,1858,70.7,-26.39999999999999,1858,1,31,26.0,1858-01-31,74.2,57.895388567033066,16.304611432966936
0.8660254037844386,0.5000000000000001,-0.5712682150947924,0.8207634412072763,1913,3.8,-1.5,1913,2,28,0.4,1913-02-28,4.8,15.611103970288404,-10.811103970288404
1.0,6.123233995736766e-17,-2.4492935982947064e-16,1.0,1970,180.8,-117.30000000000001,1970,3,31,192.3,1970-03-31,145.7,151.93139118228135,-6.231391182281357
0.8660254037844386,0.5000000000000001,-0.3943558551133187,0.9189578116202306,1872,132.7,81.80000000000001,1872,2,29,209.0,1872-02-29,200.3,154.49270075590113,45.807299244098886
0.49999999999999994,0.8660254037844387,-2.4492935982947064e-16,1.0,1902,6.4,-6.6,1902,1,31,7.5,1902-01-31,9.3,9.862928650721777,-0.5629286507217763
-0.4999999999999997,-0.8660254037844388,-2.4492935982947064e-16,1.0,1939,168.3,-0.8000000000000114,1939,7,31,275.6,1939-07-31,162.6,175.3665354759127,-12.766535475912718
-0.8660254037844386,0.5000000000000001,-2.4492935982947064e-16,1.0,1992,94.0,-82.79999999999998,1992,10,31,197.1,1992-10-31,133.4,91.54722656273972,41.85277343726028
1.2246467991473532e-16,-1.0,-0.20129852008866114,0.9795299412524943,2012,96.5,-50.099999999999994,2012,6,30,56.1,2012-06-30,92.0,83.47474776234782,8.525252237652182
0.8660254037844386,0.5000000000000001,-0.3943558551133187,0.9189578116202306,2004,60.6,-53.2,2004,2,29,75.7,2004-02-29,74.6,58.41737342416353,16.182626575836466
-0.4999999999999997,-0.8660254037844388,-2.4492935982947064e-16,1.0,1907,67.2,-3.5999999999999943,1907,7,31,172.7,1907-07-31,82.9,83.76140508378637,-0.8614050837863658
-0.4999999999999997,-0.8660254037844388,-2.4492935982947064e-16,1.0,1904,69.8,-25.200000000000003,1904,7,31,46.4,1904-07-31,84.3,65.47391307006568,18.82608692993432
0.49999999999999994,0.8660254037844387,-2.4492935982947064e-16,1.0,2019,3.1,-9.600000000000001,2019,1,31,6.8,2019-01-31,7.7,7.2263710625002595,0.47362893749974067
0.49999999999999994,-0.8660254037844387,-2.4492935982947064e-16,1.0,1931,52.0,-14.600000000000001,1931,5,31,61.4,1931-05-31,40.8,56.295619873911235,-15.495619873911238
1.0,6.123233995736766e-17,-2.4492935982947064e-16,1.0,1889,14.2,5.6,1889,3,31,13.1,1889-03-31,11.1,22.263584548658876,-11.163584548658877
-0.8660254037844386,0.5000000000000001,-2.4492935982947064e-16,1.0,1879,10.1,-36.9,1879,10,31,8.8,1879-10-31,20.4,10.327175741951343,10.072824258048655
-0.8660254037844386,0.5000000000000001,-2.4492935982947064e-16,1.0,1998,132.0,15.100000000000001,1998,10,31,32.8,1998-10-31,78.5,116.7609465236244,-38.2609465236244
0.8660254037844387,-0.4999999999999998,-0.20129852008866114,0.9795299412524943,1908,47.9,25.099999999999994,1908,4,30,87.6,1908-04-30,96.1,62.38698949812883,33.71301050187117
1.2246467991473532e-16,-1.0,-0.20129852008866114,0.9795299412524943,1952,33.6,-47.599999999999994,1952,6,30,142.4,1952-06-30,52.0,46.612559729921,5.387440270078997
0.49999999999999994,0.8660254037844387,-2.4492935982947064e-16,1.0,1786,45.5,41.7,1786,1,31,10.8,1786-01-31,62.0,48.365100836710965,13.634899163289035
-0.4999999999999997,-0.8660254037844388,-2.4492935982947064e-16,1.0,1834,13.1,-47.300000000000004,1834,7,31,11.6,1834-07-31,14.4,13.198813202390994,1.2011867976090063
0.49999999999999994,0.8660254037844387,-2.4492935982947064e-16,1.0,1916,57.5,-14.900000000000006,1916,1,31,38.5,1916-01-31,75.5,51.69425665588804,23.80574334411196
-2.4492935982947064e-16,1.0,-2.4492935982947064e-16,1.0,2013,113.9,-22.999999999999986,2013,12,31,56.8,2013-12-31,124.2,100.30092873405549,23.899071265944514
0.49999999999999994,-0.8660254037844387,-2.4492935982947064e-16,1.0,1937,182.2,87.4,1937,5,31,90.9,1937-05-31,194.4,178.1988216005703,16.201178399429693
1.0,6.123233995736766e-17,-2.4492935982947064e-16,1.0,1897,49.0,-46.8,1897,3,31,86.5,1897-03-31,48.7,49.237652140004926,-0.5376521400049228
0.49999999999999994,-0.8660254037844387,-2.4492935982947064e-16,1.0,1970,155.1,-63.099999999999994,1970,5,31,169.9,1970-05-31,180.5,141.07683951110405,39.423160488895945
1.0,6.123233995736766e-17,-2.4492935982947064e-16,1.0,1910,52.5,-15.899999999999999,1910,3,31,110.5,1910-03-31,35.7,60.59551203113007,-24.895512031130067
1.2246467991473532e-16,-1.0,-0.20129852008866114,0.9795299412524943,1853,65.9,41.8,1853,6,30,89.0,1853-06-30,76.0,79.90158127349764,-3.9015812734976407
0.49999999999999994,0.8660254037844387,-2.4492935982947064e-16,1.0,1969,155.5,-138.89999999999998,1969,1,31,172.5,1969-01-31,147.8,122.52183750422458,25.278162495775433
0.49999999999999994,-0.8660254037844387,-2.4492935982947064e-16,1.0,1980,232.2,84.79999999999998,1980,5,31,190.3,1980-05-31,254.7,229.22605566884604,25.473944331153945
0.49999999999999994,0.8660254037844387,-2.4492935982947064e-16,1.0,1848,182.6,-48.19999999999999,1848,1,31,104.4,1848-01-31,265.2,150.04163691191076,115.15836308808923
0.8660254037844386,0.5000000000000001,-0.5712682150947924,0.8207634412072763,1939,133.9,6.599999999999994,1939,2,28,198.6,1939-02-28,129.0,142.78212142413375,-13.782121424133749
0.8660254037844387,-0.4999999999999998,-0.20129852008866114,0.9795299412524943,1838,234.5,68.79999999999998,1838,4,30,230.3,1838-04-30,211.1,231.5945163107153,-20.494516310715312
0.49999999999999994,0.8660254037844387,-2.4492935982947064e-16,1.0,1851,115.9,8.099999999999994,1851,1,31,148.2,1851-01-31,143.5,114.57736969898383,28.92263030101617
-1.0,-1.8369701987210297e-16,-0.20129852008866114,0.9795299412524943,1831,91.6,-121.8,1831,9,30,186.7,1831-09-30,63.2,80.82259262066711,-17.622592620667106
0.49999999999999994,0.8660254037844387,-2.4492935982947064e-16,1.0,1997,14.0,4.6000000000000005,1997,1,31,13.3,1997-01-31,7.4,18.862244507910518,-11.462244507910517
0.8660254037844386,0.5000000000000001,-0.5712682150947924,0.8207634412072763,1877,40.6,-45.5,1877,2,28,25.1,1877-02-28,14.5,39.08211154868418,-24.582111548684182
1.2246467991473532e-16,-1.0,-0.20129852008866114,0.9795299412524943,1992,94.3,-33.099999999999994,1992,6,30,224.7,1992-06-30,98.5,106.65203459759437,-8.152034597594366
0.49999999999999994,-0.8660254037844387,-2.4492935982947064e-16,1.0,1884,126.9,-53.099999999999994,1884,5,31,52.5,1884-05-31,110.9,105.56048858281514,5.339511417184866
-0.4999999999999997,-0.8660254037844388,-2.4492935982947064e-16,1.0,1881,100.8,-165.40000000000003,1881,7,31,36.5,1881-07-31,128.2,62.95216584545268,65.2478341545473
-0.8660254037844386,0.5000000000000001,-2.4492935982947064e-16,1.0,1865,41.0,2.3999999999999986,1865,10,31,64.4,1865-10-31,32.5,48.19427061998249,-15.69427061998249
0.8660254037844386,0.5000000000000001,-0.5712682150947924,0.8207634412072763,1923,7.5,-4.5,1923,2,28,43.9,1923-02-28,2.5,23.6203171689262,-21.1203171689262
0.8660254037844387,-0.4999999999999998,-0.20129852008866114,0.9795299412524943,1923,5.5,9.799999999999999,1923,4,30,18.3,1923-04-30,10.2,18.183430477294614,-7.983430477294615
0.49999999999999994,0.8660254037844387,-2.4492935982947064e-16,1.0,1930,179.9,28.599999999999994,1930,1,31,114.8,1930-01-31,108.8,163.33779353440386,-54.53779353440386
-2.4492935982947064e-16,1.0,-2.4492935982947064e-16,1.0,2000,158.1,-68.1,2000,12,31,116.8,2000-12-31,143.3,133.94912321396038,9.350876786039635
0.8660254037844386,0.5000000000000001,-0.5712682150947924,0.8207634412072763,1850,148.2,-1.0,1850,2,28,250.3,1850-02-28,169.8,158.7343660694204,11.065633930579622
-0.8660254037844386,0.5000000000000001,-2.4492935982947064e-16,1.0,1955,60.8,54.9,1955,10,31,10.5,1955-10-31,83.0,66.10762664946823,16.89237335053177
-0.4999999999999997,-0.8660254037844388,-2.4492935982947064e-16,1.0,1951,142.4,-25.299999999999997,1951,7,31,128.9,1951-07-31,87.2,132.10695306344417,-44.90695306344416
-0.4999999999999997,-0.8660254037844388,-2.4492935982947064e-16,1.0,1863,77.6,-42.3,1863,7,31,139.5,1863-07-31,62.0,80.34875853426355,-18.348758534263553
0.8660254037844386,0.5000000000000001,-0.5712682150947924,0.8207634412072763,1954,0.4,-47.300000000000004,1954,2,28,5.9,1954-02-28,0.8,5.7591810392648455,-4.959181039264846
-0.8660254037844385,-0.5000000000000004,-2.4492935982947064e-16,1.0,1990,191.1,50.69999999999999,1990,8,31,232.0,1990-08-31,252.1,195.67251560780798,56.427484392192014
0.8660254037844387,-0.4999999999999998,-0.20129852008866114,0.9795299412524943,1990,191.7,46.0,1990,4,30,166.3,1990-04-30,189.7,187.0492874717829,2.650712528217099
1.0,6.123233995736766e-17,-2.4492935982947064e-16,1.0,1901,4.0,-1.0999999999999996,1901,3,31,14.4,1901-03-31,7.4,13.468166450835781,-6.068166450835781
0.8660254037844387,-0.4999999999999998,-0.20129852008866114,0.9795299412524943,1928,142.4,9.700000000000017,1928,4,30,155.8,1928-04-30,134.3,141.12531585795574,-6.825315857955729
0.8660254037844387,-0.4999999999999998,-0.20129852008866114,0.9795299412524943,1924,3.0,14.099999999999998,1924,4,30,10.2,1924-04-30,18.9,15.980083459620815,2.919916540379184
1.2246467991473532e-16,-1.0,-0.20129852008866114,0.9795299412524943,1934,32.9,-4.100000000000001,1934,6,30,8.7,1934-06-30,11.2,36.334561950303694,-25.134561950303695
0.49999999999999994,-0.8660254037844387,-2.4492935982947064e-16,1.0,1875,48.6,-48.89999999999999,1875,5,31,74.6,1875-05-31,19.2,49.05830802889486,-29.858308028894857
-0.4999999999999997,-0.8660254037844388,-2.4492935982947064e-16,1.0,1923,15.3,-1.5,1923,7,31,18.3,1923-07-31,5.9,24.294748835165983,-18.394748835165984
-0.5000000000000004,0.8660254037844384,-0.20129852008866114,0.9795299412524943,1932,14.8,-15.900000000000002,1932,11,30,31.2,1932-11-30,13.7,20.595170747446858,-6.895170747446858
0.49999999999999994,-0.8660254037844387,-2.4492935982947064e-16,1.0,1863,77.1,-14.100000000000009,1863,5,31,122.4,1863-05-31,102.1,83.27812363389967,18.821876366100327
1.0,6.123233995736766e-17,-2.4492935982947064e-16,1.0,1862,122.4,-60.8,1862,3,31,192.0,1862-03-31,82.7,116.64151482784166,-33.94151482784166
-0.8660254037844386,0.5000000000000001,-2.4492935982947064e-16,1.0,1948,202.9,-15.299999999999983,1948,10,31,231.7,1948-10-31,192.9,191.4149333206927,1.4850666793072946
-1.0,-1.8369701987210297e-16,-0.20129852008866114,0.9795299412524943,1863,91.3,-38.3,1863,9,30,126.4,1863-09-30,41.7,87.73188008873419,-46.031880088734184
0.8660254037844387,-0.4999999999999998,-0.20129852008866114,0.9795299412524943,1916,111.7,28.599999999999994,1916,4,30,68.9,1916-04-30,119.8,109.56904492647033,10.230955073529671
-2.4492935982947064e-16,1.0,-2.4492935982947064e-16,1.0,1840,90.4,-126.30000000000001,1840,12,31,106.2,1840-12-31,89.5,69.56475323684957,19.93524676315043
-0.5000000000000004,0.8660254037844384,-0.20129852008866114,0.9795299412524943,1897,23.9,13.4,1897,11,30,63.3,1897-11-30,14.0,36.80618766026747,-22.80618766026747
-2.4492935982947064e-16,1.0,-2.4492935982947064e-16,1.0,2003,82.9,-49.8,2003,12,31,135.3,2003-12-31,72.2,81.91692659713547,-9.716926597135469
-0.5000000000000004,0.8660254037844384,-0.20129852008866114,0.9795299412524943,1893,133.3,-15.399999999999991,1893,11,30,108.9,1893-11-30,125.2,121.54965936121411,3.6503406387858917
-0.5000000000000004,0.8660254037844384,-0.20129852008866114,0.9795299412524943,1840,91.7,-67.4,1840,11,30,114.7,1840-11-30,90.4,80.90415308163364,9.495846918366368
-0.8660254037844385,-0.5000000000000004,-2.4492935982947064e-16,1.0,1896,75.2,-38.1,1896,8,31,114.9,1896-08-31,45.4,75.30189624601037,-29.901896246010374
1.0,6.123233995736766e-17,-2.4492935982947064e-16,1.0,1989,208.7,62.0,1989,3,31,91.2,1989-03-31,170.4,192.1424302549817,-21.742430254981684
1.0,6.123233995736766e-17,-2.4492935982947064e-16,1.0,1927,155.1,4.3999999999999915,1927,3,31,104.2,1927-03-31,116.1,142.1899732528956,-26.089973252895618
-0.5000000000000004,0.8660254037844384,-0.20129852008866114,0.9795299412524943,1884,79.6,-17.800000000000004,1884,11,30,140.8,1884-11-30,60.9,84.02608029988515,-23.126080299885153
-1.0,-1.8369701987210297e-16,-0.20129852008866114,0.9795299412524943,1990,252.1,-97.79999999999998,1990,9,30,225.1,1990-09-30,169.1,213.9503650076185,-44.85036500761851
1.2246467991473532e-16,-1.0,-0.20129852008866114,0.9795299412524943,1917,190.2,84.0,1917,6,30,112.9,1917-06-30,191.4,186.17766523914455,5.2223347608554604
0.8660254037844387,-0.4999999999999998,-0.20129852008866114,0.9795299412524943,1889,11.1,-3.7,1889,4,30,8.5,1889-04-30,7.3,18.65510513815741,-11.355105138157409
-0.8660254037844386,0.5000000000000001,-2.4492935982947064e-16,1.0,1973,84.1,-12.399999999999999,1973,10,31,86.9,1973-10-31,43.7,82.04348647789072,-38.34348647789072
-0.8660254037844385,-0.5000000000000004,-2.4492935982947064e-16,1.0,1855,0.7,-33.800000000000004,1855,8,31,30.1,1855-08-31,5.9,7.684874118676927,-1.7848741186769264
-0.4999999999999997,-0.8660254037844388,-2.4492935982947064e-16,1.0,1882,75.4,-166.89999999999998,1882,7,31,128.2,1882-07-31,75.7,55.128269893779375,20.571730106220627
0.8660254037844386,0.5000000000000001,-0.5712682150947924,0.8207634412072763,1962,55.1,-13.099999999999994,1962,2,28,65.4,1962-02-28,71.7,61.587871919424586,10.112128080575417
0.49999999999999994,-0.8660254037844387,-2.4492935982947064e-16,1.0,1911,27.6,-0.5999999999999996,1911,5,31,36.9,1911-05-31,15.1,36.78461569261907,-21.68461569261907
-0.4999999999999997,-0.8660254037844388,-2.4492935982947064e-16,1.0,1844,6.2,23.6,1844,7,31,15.9,1844-07-31,35.2,21.109881671598593,14.09011832840141
-0.8660254037844385,-0.5000000000000004,-2.4492935982947064e-16,1.0,1893,147.6,147.9,1893,8,31,169.0,1893-08-31,215.4,170.94273121592326,44.457268784076746
-0.4999999999999997,-0.8660254037844388,-2.4492935982947064e-16,1.0,1857,30.5,-57.7,1857,7,31,8.8,1857-07-31,42.2,24.440180788348293,17.75981921165171
-0.8660254037844386,0.5000000000000001,-2.4492935982947064e-16,1.0,1837,160.4,127.49999999999999,1837,10,31,228.9,1837-10-31,206.2,183.3266129551074,22.87338704489258
-0.8660254037844385,-0.5000000000000004,-2.4492935982947064e-16,1.0,1997,12.9,25.800000000000004,1997,8,31,19.7,1997-08-31,35.7,26.918238065153226,8.781761934846777
-0.4999999999999997,-0.8660254037844388,-2.4492935982947064e-16,1.0,1934,11.2,9.4,1934,7,31,4.7,1934-07-31,15.3,21.365706438205436,-6.065706438205435
0.49999999999999994,0.8660254037844387,-2.4492935982947064e-16,1.0,1897,71.0,17.799999999999997,1897,1,31,48.4,1897-01-31,67.6,69.06911885151248,-1.4691188515124907
-0.8660254037844386,0.5000000000000001,-2.4492935982947064e-16,1.0,1784,16.7,-35.5,1784,10,31,13.3,1784-10-31,13.3,15.803713022540407,-2.5037130225404063
1.2246467991473532e-16,-1.0,-0.20129852008866114,0.9795299412524943,2002,187.5,-95.89999999999998,2002,6,30,202.9,2002-06-30,128.8,164.2154876024337,-35.4154876024337
0.8660254037844387,-0.4999999999999998,-0.20129852008866114,0.9795299412524943,2006,17.3,28.699999999999996,2006,4,30,38.7,2006-04-30,50.3,33.62018572937796,16.67981427062204
0.8660254037844387,-0.4999999999999998,-0.20129852008866114,0.9795299412524943,1875,56.4,-77.30000000000001,1875,4,30,53.5,1875-04-30,48.6,46.12595842997705,2.4740415700229548
0.49999999999999994,0.8660254037844387,-2.4492935982947064e-16,1.0,1942,56.2,35.1,1942,1,31,76.1,1942-01-31,59.5,64.59068340660056,-5.0906834066005615
0.49999999999999994,0.8660254037844387,-2.4492935982947064e-16,1.0,1891,13.1,-17.6,1891,1,31,8.8,1891-01-31,22.5,13.169237208248653,9.330762791751347
0.49999999999999994,0.8660254037844387,-2.4492935982947064e-16,1.0,1872,150.8,-49.0,1872,1,31,147.2,1872-01-31,132.7,131.172062846519,1.5279371534809911
0.49999999999999994,0.8660254037844387,-2.4492935982947064e-16,1.0,1854,44.5,7.100000000000001,1854,1,31,77.9,1854-01-31,29.3,50.47891846548893,-21.17891846548893
0.49999999999999994,0.8660254037844387,-2.4492935982947064e-16,1.0,1859,127.0,-72.5,1859,1,31,74.2,1859-01-31,159.0,99.17798579631398,59.822014203686024
0.8660254037844386,0.5000000000000001,-0.3943558551133187,0.9189578116202306,1968,172.5,-26.0,1968,2,29,132.6,1968-02-29,158.5,156.36059571053562,2.1394042894643803
-0.4999999999999997,-0.8660254037844388,-2.4492935982947064e-16,1.0,2010,18.8,-182.0,2010,7,31,6.3,2010-07-31,25.2,-6.276509864300898,31.476509864300898
0.8660254037844387,-0.4999999999999998,-0.20129852008866114,0.9795299412524943,1915,64.8,16.300000000000004,1915,4,30,28.9,1915-04-30,68.9,66.18608015009863,2.713919849901373
0.49999999999999994,0.8660254037844387,-2.4492935982947064e-16,1.0,1839,132.9,-48.599999999999994,1839,1,31,241.5,1839-01-31,175.9,129.62813353019786,46.27186646980215
0.49999999999999994,-0.8660254037844387,-2.4492935982947064e-16,1.0,1971,101.6,-87.80000000000001,1971,5,31,180.5,1971-05-31,81.5,97.01664737164052,-15.516647371640516
-0.8660254037844385,-0.5000000000000004,-2.4492935982947064e-16,1.0,1953,12.7,-0.10000000000000142,1953,8,31,77.8,1953-08-31,33.6,29.523744255236906,4.076255744763095
-1.0,-1.8369701987210297e-16,-0.20129852008866114,0.9795299412524943,1840,96.4,-111.7,1840,9,30,221.1,1840-09-30,123.3,90.81608651007606,32.483913489923935
-0.8660254037844385,-0.5000000000000004,-2.4492935982947064e-16,1.0,1846,77.5,-7.200000000000003,1846,8,31,53.9,1846-08-31,91.3,74.40151814643409,16.89848185356591
-0.4999999999999997,-0.8660254037844388,-2.4492935982947064e-16,1.0,2001,202.9,-68.1,2001,7,31,244.3,2001-07-31,123.0,186.1586196623831,-63.1586196623831
1.0,6.123233995736766e-17,-2.4492935982947064e-16,1.0,1858,66.3,4.799999999999997,1858,3,31,10.0,1858-03-31,109.2,61.55936239122974,47.64063760877026
-1.0,-1.8369701987210297e-16,-0.20129852008866114,0.9795299412524943,1883,76.6,-88.2,1883,9,30,96.1,1883-09-30,87.8,63.72968075538988,24.07031924461012
0.49999999999999994,0.8660254037844387,-2.4492935982947064e-16,1.0,1896,117.9,-23.000000000000007,1896,1,31,105.4,1896-01-31,48.4,105.21652806380595,-56.816528063805954
1.2246467991473532e-16,-1.0,-0.20129852008866114,0.9795299412524943,1937,194.4,94.69999999999999,1937,6,30,116.7,1937-06-30,217.1,191.8856109342811,25.214389065718905
0.8660254037844386,0.5000000000000001,-0.3943558551133187,0.9189578116202306,1788,230.0,154.5,1788,2,29,176.7,1788-02-29,215.3,237.50277698738745,-22.202776987387438
-0.5000000000000004,0.8660254037844384,-0.20129852008866114,0.9795299412524943,2002,151.2,-12.300000000000011,2002,11,30,176.6,2002-11-30,147.2,145.12760369507032,2.0723963049296685
-0.8660254037844385,-0.5000000000000004,-2.4492935982947064e-16,1.0,1860,221.9,36.30000000000001,1860,8,31,203.0,1860-08-31,190.5,212.3971453677556,-21.8971453677556
-0.4999999999999997,-0.8660254037844388,-2.4492935982947064e-16,1.0,1978,134.6,-29.799999999999997,1978,7,31,30.6,1978-07-31,99.7,112.65418453972222,-12.95418453972222
-0.4999999999999997,-0.8660254037844388,-2.4492935982947064e-16,1.0,1884,85.3,8.5,1884,7,31,134.4,1884-07-31,88.5,94.71659472607107,-6.216594726071065
-0.5000000000000004,0.8660254037844384,-0.20129852008866114,0.9795299412524943,1865,32.5,4.100000000000001,1865,11,30,109.3,1865-11-30,46.7,47.594197321201605,-0.8941973212016023
-0.4999999999999997,-0.8660254037844388,-2.4492935982947064e-16,1.0,1885,139.5,36.30000000000001,1885,7,31,88.5,1885-07-31,110.9,135.28174342163763,-24.381743421637623
0.49999999999999994,-0.8660254037844387,-2.4492935982947064e-16,1.0,1831,90.9,-169.9,1831,5,31,205.8,1831-05-31,63.4,76.8822838395422,-13.482283839542198
-2.4492935982947064e-16,1.0,-2.4492935982947064e-16,1.0,1844,17.9,19.4,1844,12,31,21.2,1844-12-31,36.0,28.78926759283297,7.210732407167029
-0.8660254037844386,0.5000000000000001,-2.4492935982947064e-16,1.0,1943,16.7,-1.8000000000000007,1943,10,31,32.0,1943-10-31,13.0,24.932939651433827,-11.932939651433827
-1.0,-1.8369701987210297e-16,-0.20129852008866114,0.9795299412524943,1839,218.8,-41.099999999999994,1839,9,30,122.7,1839-09-30,221.1,184.48354138724918,36.61645861275082
0.8660254037844387,-0.4999999999999998,-0.20129852008866114,0.9795299412524943,1922,91.3,12.700000000000001,1922,4,30,54.0,1922-04-30,18.3,89.17732482660678,-70.87732482660678
0.8660254037844386,0.5000000000000001,-0.5712682150947924,0.8207634412072763,1903,13.9,-57.6,1903,2,28,6.4,1903-02-28,28.4,14.126055473286783,14.273944526713215
-0.5000000000000004,0.8660254037844384,-0.20129852008866114,0.9795299412524943,1963,50.1,1.9000000000000021,1963,11,30,38.8,1963-11-30,33.7,51.97294626232602,-18.272946262326016
-0.4999999999999997,-0.8660254037844388,-2.4492935982947064e-16,1.0,1940,139.8,-4.599999999999994,1940,7,31,162.6,1940-07-31,112.5,138.12617162969627,-25.626171629696273
0.49999999999999994,0.8660254037844387,-2.4492935982947064e-16,1.0,1953,48.9,-21.6,1953,1,31,57.9,1953-01-31,37.9,46.59229069832338,-8.692290698323383
1.0,6.123233995736766e-17,-2.4492935982947064e-16,1.0,1904,40.8,-47.00000000000001,1904,3,31,22.5,1904-03-31,61.9,34.61534422643039,27.28465577356961
0.8660254037844386,0.5000000000000001,-0.5712682150947924,0.8207634412072763,1930,108.8,-49.400000000000006,1930,2,28,104.7,1930-02-28,83.1,101.3127943938174,-18.212794393817404
-1.0,-1.8369701987210297e-16,-0.20129852008866114,0.9795299412524943,1962,31.5,-45.0,1962,9,30,90.1,1962-09-30,72.7,36.37120130865606,36.32879869134394
-0.5000000000000004,0.8660254037844384,-0.20129852008866114,0.9795299412524943,1900,21.6,7.2,1900,11,30,13.0,1900-11-30,7.5,27.409214905597636,-19.909214905597636
0.8660254037844386,0.5000000000000001,-0.5712682150947924,0.8207634412072763,1843,22.2,-86.69999999999999,1843,2,28,36.8,1843-02-28,5.9,19.01074470276584,-13.11074470276584
-0.8660254037844385,-0.5000000000000004,-2.4492935982947064e-16,1.0,1876,25.5,-36.0,1876,8,31,24.4,1876-08-31,14.8,25.67599388374653,-10.875993883746528
-2.4492935982947064e-16,1.0,-2.4492935982947064e-16,1.0,1945,76.6,20.000000000000004,1945,12,31,47.4,1945-12-31,45.7,77.79662229002147,-32.09662229002147
-2.4492935982947064e-16,1.0,-2.4492935982947064e-16,1.0,1943,17.0,12.899999999999999,1943,12,31,37.6,1943-12-31,31.4,29.51674738072527,1.883252619274728
-1.0,-1.8369701987210297e-16,-0.20129852008866114,0.9795299412524943,2005,60.5,-3.299999999999997,2005,9,30,48.8,2005-09-30,37.2,60.85478217874508,-23.65478217874508
1.0,6.123233995736766e-17,-2.4492935982947064e-16,1.0,1929,104.7,-36.60000000000001,1929,3,31,142.4,1929-03-31,83.8,101.20621465982785,-17.406214659827853
-2.4492935982947064e-16,1.0,-2.4492935982947064e-16,1.0,1990,178.8,-52.5,1990,12,31,211.4,1990-12-31,197.1,164.86790573098835,32.23209426901164
1.2246467991473532e-16,-1.0,-0.20129852008866114,0.9795299412524943,1927,131.9,-14.400000000000006,1927,6,30,122.4,1927-06-30,98.5,125.23143317259667,-26.731433172596667
0.49999999999999994,0.8660254037844387,-2.4492935982947064e-16,1.0,1860,153.9,-34.400000000000006,1860,1,31,159.0,1860-01-31,156.6,137.62759742681374,18.972402573186258
-0.4999999999999997,-0.8660254037844388,-2.4492935982947064e-16,1.0,1873,74.8,-47.999999999999986,1873,7,31,176.0,1873-07-31,111.7,81.97966926375038,29.720330736249622
-0.5000000000000004,0.8660254037844384,-0.20129852008866114,0.9795299412524943,1916,84.5,11.400000000000006,1916,11,30,70.9,1916-11-30,109.5,84.02531574730432,25.47468425269568
0.8660254037844387,-0.4999999999999998,-0.20129852008866114,0.9795299412524943,1905,94.3,-90.9,1905,4,30,71.6,1905-04-30,65.5,75.27919160407372,-9.779191604073716
0.8660254037844387,-0.4999999999999998,-0.20129852008866114,0.9795299412524943,1951,79.3,30.599999999999994,1951,4,30,160.6,1951-04-30,131.7,97.14689705318511,34.553102946814874
1.0,6.123233995736766e-17,-2.4492935982947064e-16,1.0,1935,34.1,35.5,1935,3,31,7.2,1935-03-31,38.5,42.28532232313502,-3.78532232313502
-0.4999999999999997,-0.8660254037844388,-2.4492935982947064e-16,1.0,1973,56.1,1.8000000000000043,1973,7,31,108.3,1973-07-31,33.2,68.11932166124947,-34.91932166124947
-0.5000000000000004,0.8660254037844384,-0.20129852008866114,0.9795299412524943,1999,168.7,31.5,1999,11,30,97.3,1999-11-30,188.3,156.01214255678798,32.28785744321203
1.0,6.123233995736766e-17,-2.4492935982947064e-16,1.0,1892,126.1,-2.5,1892,3,31,17.2,1892-03-31,83.3,107.23720235298819,-23.937202352988194
-0.4999999999999997,-0.8660254037844388,-2.4492935982947064e-16,1.0,1942,18.9,0.6000000000000014,1942,7,31,111.4,1942-07-31,29.6,39.62604516280238,-10.026045162802376
-0.8660254037844385,-0.5000000000000004,-2.4492935982947064e-16,1.0,1918,179.5,98.19999999999999,1918,8,31,257.7,1918-08-31,169.6,198.23727521660587,-28.63727521660587
-0.8660254037844386,0.5000000000000001,-2.4492935982947064e-16,1.0,1869,134.5,-53.19999999999999,1869,10,31,102.8,1869-10-31,99.0,115.0722671883446,-16.072267188344597
1.2246467991473532e-16,-1.0,-0.20129852008866114,0.9795299412524943,1842,41.4,-21.4,1842,6,30,92.8,1842-06-30,34.2,50.31355582613617,-16.113555826136164
-1.0,-1.8369701987210297e-16,-0.20129852008866114,0.9795299412524943,1929,109.6,-75.89999999999999,1929,9,30,149.6,1929-09-30,57.3,98.40263386796153,-41.10263386796153
-0.8660254037844385,-0.5000000000000004,-2.4492935982947064e-16,1.0,1885,110.9,19.700000000000003,1885,8,31,93.1,1885-08-31,83.5,110.0851000343211,-26.5851000343211
-2.4492935982947064e-16,1.0,-2.4492935982947064e-16,1.0,1911,7.0,-3.3999999999999995,1911,12,31,9.6,1911-12-31,3.7,15.161356734288645,-11.461356734288646
0.8660254037844387,-0.4999999999999998,-0.20129852008866114,0.9795299412524943,1844,22.5,30.0,1844,4,30,15.8,1844-04-30,34.6,34.142491022108985,0.45750897789101685
-0.5000000000000004,0.8660254037844384,-0.20129852008866114,0.9795299412524943,1907,109.1,27.299999999999997,1907,11,30,64.8,1907-11-30,102.5,104.89474626689412,-2.394746266894117
-0.8660254037844386,0.5000000000000001,-2.4492935982947064e-16,1.0,1960,180.1,-69.00000000000001,1960,10,31,157.7,1960-10-31,117.3,154.8013929486099,-37.501392948609904
0.8660254037844387,-0.4999999999999998,-0.20129852008866114,0.9795299412524943,1910,35.7,-7.000000000000002,1910,4,30,53.7,1910-04-30,14.1,42.91868060924942,-28.81868060924942
-2.4492935982947064e-16,1.0,-2.4492935982947064e-16,1.0,1853,54.7,15.2,1853,12,31,86.1,1853-12-31,44.5,64.76395110902023,-20.263951109020226
-0.8660254037844386,0.5000000000000001,-2.4492935982947064e-16,1.0,1852,71.2,80.5,1852,10,31,118.7,1852-10-31,127.9,92.25597684815185,35.64402315184816
-0.4999999999999997,-0.8660254037844388,-2.4492935982947064e-16,1.0,1902,2.4,-15.7,1902,7,31,7.4,1902-07-31,1.5,10.360679664836915,-8.860679664836915
-1.0,-1.8369701987210297e-16,-0.20129852008866114,0.9795299412524943,1882,67.5,-75.70000000000002,1882,9,30,88.6,1882-09-30,96.1,57.988468967564316,38.11153103243568
-2.4492935982947064e-16,1.0,-2.4492935982947064e-16,1.0,1861,102.0,17.900000000000006,1861,12,31,181.7,1861-12-31,152.8,114.01148841034134,38.78851158965867
-1.0,-1.8369701987210297e-16,-0.20129852008866114,0.9795299412524943,2008,0.3,-58.5,2008,9,30,4.0,2008-09-30,1.2,-0.9657731193919332,2.1657731193919334
0.8660254037844387,-0.4999999999999998,-0.20129852008866114,0.9795299412524943,2015,54.5,0.5,2015,4,30,112.5,2015-04-30,75.3,66.79375593534766,8.506244064652336
1.2246467991473532e-16,-1.0,-0.20129852008866114,0.9795299412524943,1874,74.6,-38.3,1874,6,30,74.8,1874-06-30,63.8,70.58642215156821,-6.7864221515682175
0.8660254037844386,0.5000000000000001,-0.5712682150947924,0.8207634412072763,1926,119.7,46.0,1926,2,28,38.6,1926-02-28,116.4,118.01705693262346,-1.6170569326234556
-1.0,-1.8369701987210297e-16,-0.20129852008866114,0.9795299412524943,2000,180.5,-69.1,2000,9,30,106.3,2000-09-30,156.0,148.69928605939492,7.300713940605078
0.49999999999999994,0.8660254037844387,-2.4492935982947064e-16,1.0,2005,28.9,-36.800000000000004,2005,1,31,60.6,2005-01-31,48.1,29.125909250539216,18.974090749460785
0.8660254037844386,0.5000000000000001,-0.5712682150947924,0.8207634412072763,1983,115.5,-52.2,1983,2,28,230.9,1983-02-28,73.1,122.60893865042806,-49.508938650428064
0.49999999999999994,0.8660254037844387,-2.4492935982947064e-16,1.0,1911,9.6,-8.4,1911,1,31,44.0,1911-01-31,5.6,16.786702148760867,-11.186702148760867
1.2246467991473532e-16,-1.0,-0.20129852008866114,0.9795299412524943,1974,56.3,0.29999999999999716,1974,6,30,56.1,1974-06-30,51.5,61.41657153460858,-9.916571534608579
1.2246467991473532e-16,-1.0,-0.20129852008866114,0.9795299412524943,1786,153.8,77.8,1786,6,30,43.8,1786-06-30,98.3,147.57281443435417,-49.272814434354174
-2.4492935982947064e-16,1.0,-2.4492935982947064e-16,1.0,1787,235.8,223.3,1787,12,31,187.8,1787-12-31,290.0,253.65618402132645,36.34381597867355
0.49999999999999994,0.8660254037844387,-2.4492935982947064e-16,1.0,1917,88.3,-6.699999999999989,1917,1,31,75.5,1917-01-31,124.5,81.60385259164204,42.89614740835796
-0.4999999999999997,-0.8660254037844388,-2.4492935982947064e-16,1.0,1987,18.8,35.300000000000004,1987,7,31,18.1,1987-07-31,38.2,33.779843102614024,4.420156897385979
0.8660254037844387,-0.4999999999999998,-0.20129852008866114,0.9795299412524943,1848,181.2,-51.70000000000002,1848,4,30,74.6,1848-04-30,178.6,149.0665020081742,29.533497991825783
0.49999999999999994,-0.8660254037844387,-2.4492935982947064e-16,1.0,1786,142.3,147.3,1786,5,31,34.5,1786-05-31,153.8,150.22027036618027,3.5797296338197384
1.2246467991473532e-16,-1.0,-0.20129852008866114,0.9795299412524943,2008,4.6,-15.600000000000001,2008,6,30,21.3,2008-06-30,5.2,14.542451714790147,-9.342451714790148
1.0,6.123233995736766e-17,-2.4492935982947064e-16,1.0,1987,3.4,-14.100000000000001,1987,3,31,13.8,1987-03-31,17.4,11.00126156067995,6.398738439320049
-0.5000000000000004,0.8660254037844384,-0.20129852008866114,0.9795299412524943,1997,32.8,35.0,1997,11,30,24.9,1997-11-30,50.4,42.9239508205595,7.476049179440501
-0.8660254037844386,0.5000000000000001,-2.4492935982947064e-16,1.0,1886,35.7,-9.999999999999998,1886,10,31,64.5,1886-10-31,14.4,42.02963524145865,-27.62963524145865
0.49999999999999994,-0.8660254037844387,-2.4492935982947064e-16,1.0,1982,170.3,37.8,1982,5,31,194.7,1982-05-31,119.3,173.9543453487647,-54.65434534876469
-0.8660254037844386,0.5000000000000001,-2.4492935982947064e-16,1.0,1859,200.9,-3.0999999999999943,1859,10,31,173.2,1859-10-31,217.8,184.0430374403478,33.75696255965221
1.0,6.123233995736766e-17,-2.4492935982947064e-16,1.0,1941,74.3,19.1,1941,3,31,138.9,1941-03-31,77.5,87.37703538029633,-9.877035380296334
0.49999999999999994,0.8660254037844387,-2.4492935982947064e-16,1.0,1975,29.6,4.699999999999999,1975,1,31,39.4,1975-01-31,27.3,34.148205829713476,-6.848205829713475
-0.8660254037844385,-0.5000000000000004,-2.4492935982947064e-16,1.0,1969,137.1,-144.7,1969,8,31,154.8,1969-08-31,138.8,109.36848476348766,29.431515236512354
-0.8660254037844386,0.5000000000000001,-2.4492935982947064e-16,1.0,1931,31.7,-66.1,1931,10,31,57.2,1931-10-31,16.6,28.239209093034923,-11.639209093034921
-0.8660254037844385,-0.5000000000000004,-2.4492935982947064e-16,1.0,1954,7.3,-19.699999999999996,1954,8,31,33.6,1954-08-31,12.6,16.150869684466905,-3.550869684466905
0.49999999999999994,0.8660254037844387,-2.4492935982947064e-16,1.0,1939,154.7,-5.299999999999983,1939,1,31,164.0,1939-01-31,133.9,144.41534127875323,-10.515341278753226
1.2246467991473532e-16,-1.0,-0.20129852008866114,0.9795299412524943,1982,119.3,92.99999999999999,1982,6,30,131.6,1982-06-30,163.7,136.09364019697855,27.606359803021434
-0.5000000000000004,0.8660254037844384,-0.20129852008866114,0.9795299412524943,1851,118.7,6.3999999999999915,1851,11,30,104.1,1851-11-30,96.8,113.41003924380254,-16.610039243802547
1.2246467991473532e-16,-1.0,-0.20129852008866114,0.9795299412524943,1873,80.0,-47.60000000000001,1873,6,30,183.3,1873-06-30,74.8,87.18713839973367,-12.387138399733672
-0.8660254037844385,-0.5000000000000004,-2.4492935982947064e-16,1.0,1847,87.1,54.70000000000002,1847,8,31,91.3,1847-08-31,234.3,97.6400915340156,136.65990846598442
0.49999999999999994,0.8660254037844387,-2.4492935982947064e-16,1.0,1990,211.4,-8.5,1990,1,31,210.1,1990-01-31,227.4,193.57908760626825,33.82091239373176
-0.8660254037844386,0.5000000000000001,-2.4492935982947064e-16,1.0,1835,168.0,145.29999999999998,1835,10,31,41.3,1835-10-31,158.6,167.90904456273097,-9.309044562730975
-0.8660254037844386,0.5000000000000001,-2.4492935982947064e-16,1.0,1999,106.3,12.199999999999989,1999,10,31,78.5,1999-10-31,168.7,102.47398942235488,66.22601057764511
-0.5000000000000004,0.8660254037844384,-0.20129852008866114,0.9795299412524943,1846,93.4,-66.1,1846,11,30,65.7,1846-11-30,100.6,76.09210552470782,24.507894475292176
-0.8660254037844386,0.5000000000000001,-2.4492935982947064e-16,1.0,2006,23.7,-15.700000000000001,2006,10,31,13.2,2006-10-31,14.9,25.66812876953503,-10.76812876953503
1.2246467991473532e-16,-1.0,-0.20129852008866114,0.9795299412524943,1893,141.3,74.4,1893,6,30,127.3,1893-06-30,149.8,148.71443124730783,1.0855687526921827
-0.4999999999999997,-0.8660254037844388,-2.4492935982947064e-16,1.0,1874,63.8,35.60000000000001,1874,7,31,111.7,1874-07-31,113.2,80.03794383285607,33.16205616714393
1.2246467991473532e-16,-1.0,-0.20129852008866114,0.9795299412524943,1939,197.3,15.900000000000006,1939,6,30,162.6,1939-06-30,168.3,186.0846814656701,-17.784681465670076
-0.8660254037844386,0.5000000000000001,-2.4492935982947064e-16,1.0,1995,15.7,18.0,1995,10,31,67.1,1995-10-31,30.6,32.482070396839326,-1.8820703968393246
-0.8660254037844386,0.5000000000000001,-2.4492935982947064e-16,1.0,1950,72.7,-59.900000000000006,1950,10,31,186.3,1950-10-31,87.0,77.68134417049669,9.318655829503314
-0.8660254037844385,-0.5000000000000004,-2.4492935982947064e-16,1.0,1996,11.8,9.6,1996,8,31,18.2,1996-08-31,19.7,22.995140137887013,-3.2951401378870138
0.49999999999999994,-0.8660254037844387,-2.4492935982947064e-16,1.0,1843,15.8,-33.800000000000004,1843,5,31,41.4,1843-05-31,35.1,22.111975566730493,12.988024433269509
1.0,6.123233995736766e-17,-2.4492935982947064e-16,1.0,1788,215.3,173.8,1788,3,31,145.7,1788-03-31,238.8,223.275049777631,15.524950222369
0.49999999999999994,-0.8660254037844387,-2.4492935982947064e-16,1.0,2020,5.2,-1.0,2020,5,31,9.9,2020-05-31,0.2,16.496923221799094,-16.296923221799094
-1.0,-1.8369701987210297e-16,-0.20129852008866114,0.9795299412524943,1858,104.9,65.1,1858,9,30,80.6,1858-09-30,152.2,110.56626327710114,41.633736722898846
1.2246467991473532e-16,-1.0,-0.20129852008866114,0.9795299412524943,1788,188.3,122.5,1788,6,30,165.3,1788-06-30,257.0,197.80604983668763,59.193950163312365
0.49999999999999994,0.8660254037844387,-2.4492935982947064e-16,1.0,1864,78.1,6.6000000000000085,1864,1,31,91.8,1864-01-31,109.7,78.0257181465723,31.6742818534277
-0.8660254037844385,-0.5000000000000004,-2.4492935982947064e-16,1.0,2004,83.8,7.200000000000003,2004,8,31,115.4,2004-08-31,69.7,90.49791270925873,-20.797912709258725
1.2246467991473532e-16,-1.0,-0.20129852008866114,0.9795299412524943,1944,4.1,-0.5,1944,6,30,12.7,1944-06-30,8.2,15.439503333663694,-7.239503333663695
-0.8660254037844386,0.5000000000000001,-2.4492935982947064e-16,1.0,1965,24.5,18.6,1965,10,31,9.2,1965-10-31,29.1,31.67602450820076,-2.57602450820076
-0.5000000000000004,0.8660254037844384,-0.20129852008866114,0.9795299412524943,1906,29.7,-14.900000000000006,1906,11,30,178.7,1906-11-30,64.8,51.278774592969995,13.521225407030002
-2.4492935982947064e-16,1.0,-2.4492935982947064e-16,1.0,1918,139.0,-43.19999999999999,1918,12,31,215.5,1918-12-31,98.5,136.19368370270834,-37.69368370270834
-0.8660254037844385,-0.5000000000000004,-2.4492935982947064e-16,1.0,1976,2.9,10.8,1976,8,31,56.7,1976-08-31,24.1,21.298475581591276,2.801524418408725
1.2246467991473532e-16,-1.0,-0.20129852008866114,0.9795299412524943,1836,185.7,192.9,1836,6,30,55.2,1836-06-30,207.9,194.21475878570223,13.685241214297776
1.0,6.123233995736766e-17,-2.4492935982947064e-16,1.0,1980,219.4,-13.600000000000023,1980,3,31,195.3,1980-03-31,178.7,200.41781308276936,-21.717813082769368
-1.0,-1.8369701987210297e-16,-0.20129852008866114,0.9795299412524943,1976,24.1,-4.5,1976,9,30,20.3,1976-09-30,20.0,28.873517231384483,-8.873517231384483
-0.4999999999999997,-0.8660254037844388,-2.4492935982947064e-16,1.0,2012,92.0,-102.80000000000001,2012,7,31,64.5,2012-07-31,100.1,71.5508388298051,28.549161170194893
-0.8660254037844386,0.5000000000000001,-2.4492935982947064e-16,1.0,1885,66.0,-37.8,1885,10,31,79.6,1885-10-31,64.5,62.29900856101787,2.200991438982129
0.49999999999999994,-0.8660254037844387,-2.4492935982947064e-16,1.0,1941,54.6,-12.399999999999999,1941,5,31,90.6,1941-05-31,49.0,62.52476135448168,-13.524761354481683
-1.0,-1.8369701987210297e-16,-0.20129852008866114,0.9795299412524943,1964,13.8,-21.0,1964,9,30,55.2,1964-09-30,7.0,22.52375095540402,-15.523750955404019
1.0,6.123233995736766e-17,-2.4492935982947064e-16,1.0,1891,36.9,-14.900000000000002,1891,3,31,8.5,1891-03-31,17.2,35.44922267145057,-18.24922267145057
-0.8660254037844385,-0.5000000000000004,-2.4492935982947064e-16,1.0,1786,138.3,136.3,1786,8,31,33.3,1786-08-31,149.5,143.61614834771268,5.883851652287319
0.8660254037844386,0.5000000000000001,-0.5712682150947924,0.8207634412072763,1917,124.5,-58.79999999999998,1917,2,28,92.4,1917-02-28,119.9,110.03158016189974,9.868419838100266
0.49999999999999994,0.8660254037844387,-2.4492935982947064e-16,1.0,1900,17.6,14.399999999999999,1900,1,31,32.4,1900-01-31,15.7,25.42015350822681,-9.720153508226812
0.8660254037844386,0.5000000000000001,-0.5712682150947924,0.8207634412072763,1942,59.5,16.10000000000001,1942,2,28,74.3,1942-02-28,87.9,71.2232024922939,16.676797507706112
0.49999999999999994,0.8660254037844387,-2.4492935982947064e-16,1.0,1875,48.8,-53.699999999999996,1875,1,31,101.4,1875-01-31,24.4,46.122142262597436,-21.722142262597437
0.49999999999999994,-0.8660254037844387,-2.4492935982947064e-16,1.0,1975,7.7,-1.200000000000001,1975,5,31,56.3,1975-05-31,13.1,24.2158069139875,-11.1158069139875
0.49999999999999994,-0.8660254037844387,-2.4492935982947064e-16,1.0,1995,21.6,-77.5,1995,5,31,29.8,1995-05-31,19.4,17.961781261989245,1.4382187380107538
0.49999999999999994,-0.8660254037844387,-2.4492935982947064e-16,1.0,1991,197.6,-87.79999999999998,1991,5,31,175.2,1991-05-31,166.9,170.0818264908671,-3.1818264908670812
-2.4492935982947064e-16,1.0,-2.4492935982947064e-16,1.0,2010,34.4,-163.8,2010,12,31,16.3,2010-12-31,24.5,8.988399747973098,15.511600252026902
-1.0,-1.8369701987210297e-16,-0.20129852008866114,0.9795299412524943,1867,9.1,7.399999999999999,1867,9,30,24.2,1867-09-30,18.7,19.501287113843652,-0.801287113843653
-0.4999999999999997,-0.8660254037844388,-2.4492935982947064e-16,1.0,1922,9.8,-9.3,1922,7,31,69.7,1922-07-31,18.3,25.369962511734578,-7.069962511734577
-2.4492935982947064e-16,1.0,-2.4492935982947064e-16,1.0,1968,121.7,-183.5,1968,12,31,179.0,1968-12-31,155.5,93.45519747846281,62.04480252153719
-0.5000000000000004,0.8660254037844384,-0.20129852008866114,0.9795299412524943,1976,29.7,-14.9,1976,11,30,27.9,1976-11-30,7.9,31.972717354526786,-24.072717354526787
-0.5000000000000004,0.8660254037844384,-0.20129852008866114,0.9795299412524943,1949,186.3,-0.4000000000000057,1949,11,30,135.6,1949-11-30,203.2,168.60765489314278,34.59234510685721
-1.0,-1.8369701987210297e-16,-0.20129852008866114,0.9795299412524943,1947,267.4,113.2,1947,9,30,157.4,1947-09-30,239.9,254.1965894105848,-14.2965894105848
-0.8660254037844386,0.5000000000000001,-2.4492935982947064e-16,1.0,1877,28.1,-2.700000000000001,1877,10,31,23.9,1877-10-31,11.2,32.17374301358114,-20.97374301358114
-2.4492935982947064e-16,1.0,-2.4492935982947064e-16,1.0,1867,18.1,33.2,1867,12,31,17.2,1867-12-31,47.9,30.97746227022523,16.922537729774767
-0.8660254037844385,-0.5000000000000004,-2.4492935982947064e-16,1.0,1948,201.4,-5.800000000000011,1948,8,31,267.4,1948-08-31,223.7,197.95218648172875,25.747813518271244
-0.8660254037844386,0.5000000000000001,-2.4492935982947064e-16,1.0,1997,59.7,-7.300000000000004,1997,10,31,0.7,1997-10-31,32.8,53.11973676332441,-20.319736763324414
1.2246467991473532e-16,-1.0,-0.20129852008866114,0.9795299412524943,1910,36.9,5.199999999999999,1910,6,30,37.8,1910-06-30,20.5,44.73585293280428,-24.235852932804278
-1.0,-1.8369701987210297e-16,-0.20129852008866114,0.9795299412524943,1841,65.4,-125.79999999999998,1841,9,30,123.3,1841-09-30,60.9,51.803918106322214,9.096081893677784
-0.4999999999999997,-0.8660254037844388,-2.4492935982947064e-16,1.0,1965,23.3,10.0,1965,7,31,4.8,1965-07-31,17.3,30.908091204709564,-13.608091204709563
0.49999999999999994,-0.8660254037844387,-2.4492935982947064e-16,1.0,1883,136.8,-95.0,1883,5,31,106.9,1883-05-31,52.5,112.7821441731003,-60.282144173100306
0.49999999999999994,-0.8660254037844387,-2.4492935982947064e-16,1.0,1789,205.5,-192.39999999999998,1789,5,31,188.3,1789-05-31,205.8,158.35836971876842,47.441630281231596
-0.8660254037844386,0.5000000000000001,-2.4492935982947064e-16,1.0,1991,168.9,-36.20000000000002,1991,10,31,199.4,1991-10-31,197.1,157.5994398280635,39.500560171936485
-0.4999999999999997,-0.8660254037844388,-2.4492935982947064e-16,1.0,1977,54.9,-49.6,1977,7,31,2.9,1977-07-31,30.6,44.36908866988311,-13.76908866988311
1.2246467991473532e-16,-1.0,-0.20129852008866114,0.9795299412524943,1832,68.9,-102.19999999999999,1832,6,30,55.6,1832-06-30,44.5,52.170403219325905,-7.670403219325905
-0.5000000000000004,0.8660254037844384,-0.20129852008866114,0.9795299412524943,1930,57.2,-10.500000000000007,1930,11,30,135.1,1930-11-30,59.4,67.5978718776658,-8.197871877665797
0.49999999999999994,-0.8660254037844387,-2.4492935982947064e-16,1.0,1990,189.7,-15.100000000000023,1990,5,31,195.4,1990-05-31,175.2,179.56498044749398,-4.364980447493991
-0.4999999999999997,-0.8660254037844388,-2.4492935982947064e-16,1.0,1847,142.2,-107.5,1847,7,31,77.5,1847-07-31,87.1,110.19430937544732,-23.094309375447324
1.2246467991473532e-16,-1.0,-0.20129852008866114,0.9795299412524943,1929,97.0,20.900000000000006,1929,6,30,152.4,1929-06-30,119.9,108.63669596506631,11.263304034933697
-0.5000000000000004,0.8660254037844384,-0.20129852008866114,0.9795299412524943,1992,133.4,-56.400000000000006,1992,11,30,159.5,1992-11-30,129.6,121.36134433979814,8.238655660201857
0.49999999999999994,0.8660254037844387,-2.4492935982947064e-16,1.0,1861,181.7,-69.69999999999999,1861,1,31,156.6,1861-01-31,118.5,152.37788070005288,-33.877880700052884
0.49999999999999994,-0.8660254037844387,-2.4492935982947064e-16,1.0,1907,87.6,23.000000000000007,1907,5,31,96.2,1907-05-31,71.4,94.71684474042982,-23.316844740429815
0.8660254037844387,-0.4999999999999998,-0.20129852008866114,0.9795299412524943,1876,51.1,-71.1,1876,4,30,48.6,1876-04-30,3.9,42.52801786859911,-38.62801786859911
0.8660254037844386,0.5000000000000001,-0.5712682150947924,0.8207634412072763,1891,22.5,-8.5,1891,2,28,1.1,1891-02-28,36.9,28.709663030601014,8.190336969398984
-0.5000000000000004,0.8660254037844384,-0.20129852008866114,0.9795299412524943,2014,90.0,5.799999999999997,2014,11,30,113.9,2014-11-30,103.6,93.27969211318155,10.32030788681844
-0.5000000000000004,0.8660254037844384,-0.20129852008866114,0.9795299412524943,1994,67.1,-16.200000000000003,1994,11,30,48.2,1994-11-30,29.5,63.1613725123638,-33.6613725123638
0.49999999999999994,0.8660254037844387,-2.4492935982947064e-16,1.0,1841,89.5,-149.9,1841,1,31,135.4,1841-01-31,40.1,64.52633955850882,-24.426339558508822
-2.4492935982947064e-16,1.0,-2.4492935982947064e-16,1.0,1947,181.3,-40.69999999999999,1947,12,31,202.9,1947-12-31,164.9,167.58680117008504,-2.686801170085033
1.2246467991473532e-16,-1.0,-0.20129852008866114,0.9795299412524943,1993,78.8,-94.1,1993,6,30,98.5,1993-06-30,69.6,67.50319243200924,2.0968075679907514
-0.5000000000000004,0.8660254037844384,-0.20129852008866114,0.9795299412524943,1979,263.6,137.8,1979,11,30,138.5,1979-11-30,259.5,252.9985947164077,6.501405283592305
0.8660254037844386,0.5000000000000001,-0.5712682150947924,0.8207634412072763,1979,235.9,36.19999999999999,1979,2,28,132.6,1979-02-28,194.7,217.90519046284865,-23.205190462848662
0.8660254037844387,-0.4999999999999998,-0.20129852008866114,0.9795299412524943,1931,50.1,27.3,1931,4,30,63.7,1931-04-30,52.0,61.459331977684684,-9.459331977684684
-0.5000000000000004,0.8660254037844384,-0.20129852008866114,0.9795299412524943,1783,13.3,-106.0,1783,11,30,52.5,1783-11-30,25.0,5.538149750208291,19.46185024979171
0.8660254037844387,-0.4999999999999998,-0.20129852008866114,0.9795299412524943,1921,44.5,10.0,1921,4,30,24.7,1921-04-30,54.0,48.96936160725603,5.030638392743967
1.0,6.123233995736766e-17,-2.4492935982947064e-16,1.0,2002,170.2,-49.900000000000006,2002,3,31,165.8,2002-03-31,147.1,152.47224611399108,-5.372246113991082
0.8660254037844386,0.5000000000000001,-0.3943558551133187,0.9189578116202306,1992,198.3,40.79999999999998,1992,2,29,240.3,1992-02-29,230.7,202.1485631444575,28.551436855542477
-2.4492935982947064e-16,1.0,-2.4492935982947064e-16,1.0,1920,45.3,-14.900000000000006,1920,12,31,58.0,1920-12-31,49.8,48.843103747853874,0.9568962521461231
0.8660254037844387,-0.4999999999999998,-0.20129852008866114,0.9795299412524943,1933,16.8,-13.4,1933,4,30,18.7,1933-04-30,4.9,22.82734584854589,-17.92734584854589
-0.4999999999999997,-0.8660254037844388,-2.4492935982947064e-16,1.0,1867,2.8,-0.3000000000000007,1867,7,31,31.4,1867-07-31,9.5,16.37140347934124,-6.8714034793412395
-1.0,-1.8369701987210297e-16,-0.20129852008866114,0.9795299412524943,1788,226.7,41.30000000000001,1788,9,30,262.2,1788-09-30,235.0,223.11215246426931,11.887847535730685
1.2246467991473532e-16,-1.0,-0.20129852008866114,0.9795299412524943,1857,54.2,-85.0,1857,6,30,9.8,1857-06-30,30.5,38.10062487829228,-7.60062487829228
-0.8660254037844385,-0.5000000000000004,-2.4492935982947064e-16,1.0,2019,0.9,-0.09999999999999998,2019,8,31,8.7,2019-08-31,0.5,11.773292479985187,-11.273292479985187
-0.8660254037844385,-0.5000000000000004,-2.4492935982947064e-16,1.0,1993,80.4,-99.4,1993,8,31,91.9,1993-08-31,62.5,65.83557885065113,-3.3355788506511317
-0.8660254037844386,0.5000000000000001,-2.4492935982947064e-16,1.0,1985,4.3,-45.2,1985,10,31,12.6,1985-10-31,22.0,5.366706112670901,16.6332938873291
-0.5000000000000004,0.8660254037844384,-0.20129852008866114,0.9795299412524943,1891,86.0,18.699999999999996,1891,11,30,15.9,1891-11-30,69.8,79.207955984693,-9.407955984693004
0.49999999999999994,-0.8660254037844387,-2.4492935982947064e-16,1.0,1837,230.3,151.6,1837,5,31,185.7,1837-05-31,186.1,238.40736871921615,-52.30736871921616
-0.8660254037844385,-0.5000000000000004,-2.4492935982947064e-16,1.0,1959,211.9,58.900000000000034,1959,8,31,283.5,1959-08-31,282.6,219.6526410343424,62.94735896565763
-0.5000000000000004,0.8660254037844384,-0.20129852008866114,0.9795299412524943,1892,117.5,17.400000000000006,1892,11,30,69.8,1892-11-30,108.9,110.16461526349457,-1.2646152634945622
1.2246467991473532e-16,-1.0,-0.20129852008866114,0.9795299412524943,1973,60.3,-3.5,1973,6,30,124.7,1973-06-30,56.1,72.73009873706702,-16.630098737067023
0.8660254037844386,0.5000000000000001,-0.5712682150947924,0.8207634412072763,1882,75.0,-100.79999999999998,1882,2,28,88.6,1882-02-28,115.9,63.932586575978334,51.96741342402167
-0.8660254037844385,-0.5000000000000004,-2.4492935982947064e-16,1.0,1841,51.4,-106.29999999999998,1841,8,31,96.4,1841-08-31,65.4,42.26580269594422,23.13419730405579
0.8660254037844386,0.5000000000000001,-0.5712682150947924,0.8207634412072763,1990,227.4,-22.899999999999977,1990,2,28,208.7,1990-02-28,171.8,210.82662458491848,-39.026624584918466
-0.8660254037844385,-0.5000000000000004,-2.4492935982947064e-16,1.0,1968,136.2,-68.89999999999998,1968,8,31,151.8,1968-08-31,154.8,121.75607788805999,33.04392211194002
-0.8660254037844385,-0.5000000000000004,-2.4492935982947064e-16,1.0,1848,232.0,-2.5999999999999943,1848,8,31,234.3,1848-08-31,220.9,217.2515954415024,3.6484045584976172
0.8660254037844386,0.5000000000000001,-0.3943558551133187,0.9189578116202306,1952,57.9,-41.9,1952,2,29,84.8,1952-02-29,32.4,59.306705979016556,-26.906705979016557
-0.8660254037844386,0.5000000000000001,-2.4492935982947064e-16,1.0,1897,80.4,9.499999999999998,1897,10,31,47.9,1897-10-31,23.9,77.6856787126856,-53.7856787126856
-0.8660254037844385,-0.5000000000000004,-2.4492935982947064e-16,1.0,1861,148.2,23.69999999999999,1861,8,31,190.5,1861-08-31,156.7,151.98212402877095,4.717875971229034
0.8660254037844387,-0.4999999999999998,-0.20129852008866114,0.9795299412524943,1966,36.4,52.6,1966,4,30,10.2,1966-04-30,69.0,48.63939481420529,20.36060518579471
0.49999999999999994,-0.8660254037844387,-2.4492935982947064e-16,1.0,1895,128.2,1.5999999999999943,1895,5,31,168.7,1895-05-31,112.5,131.4456169845881,-18.9456169845881
1.0,6.123233995736766e-17,-2.4492935982947064e-16,1.0,1895,112.0,-44.20000000000002,1895,3,31,87.1,1895-03-31,101.6,98.11209858607215,3.487901413927844
-2.4492935982947064e-16,1.0,-2.4492935982947064e-16,1.0,1978,138.5,-5.099999999999994,1978,12,31,61.4,1978-12-31,173.9,122.80222527980322,51.09777472019678
-0.8660254037844386,0.5000000000000001,-2.4492935982947064e-16,1.0,1862,126.4,-29.200000000000003,1862,10,31,127.7,1862-10-31,79.8,116.33061300660597,-36.530613006605975
0.8660254037844386,0.5000000000000001,-0.3943558551133187,0.9189578116202306,1980,226.1,48.900000000000006,1980,2,29,194.7,1980-02-29,219.4,218.93534250214037,0.4646574978596334
-0.8660254037844385,-0.5000000000000004,-2.4492935982947064e-16,1.0,1977,30.6,-29.599999999999994,1977,8,31,24.1,1977-08-31,43.0,31.13689834897629,11.863101651023712
-0.8660254037844385,-0.5000000000000004,-2.4492935982947064e-16,1.0,1842,21.0,-47.199999999999996,1842,8,31,65.4,1842-08-31,44.4,25.41466066539457,18.985339334605428
0.49999999999999994,-0.8660254037844387,-2.4492935982947064e-16,1.0,1957,248.0,91.4,1957,5,31,193.4,1957-05-31,233.0,242.82436435727578,-9.824364357275783
-0.8660254037844385,-0.5000000000000004,-2.4492935982947064e-16,1.0,1834,14.4,-66.7,1834,8,31,9.5,1834-08-31,6.6,9.576717684309507,-2.9767176843095076
1.2246467991473532e-16,-1.0,-0.20129852008866114,0.9795299412524943,1784,10.0,-53.5,1784,6,30,42.0,1784-06-30,15.0,13.646957926347838,1.353042073652162
-1.0,-1.8369701987210297e-16,-0.20129852008866114,0.9795299412524943,1881,97.3,-132.3,1881,9,30,110.1,1881-09-30,88.6,73.58772812210364,15.012271877896353
0.49999999999999994,0.8660254037844387,-2.4492935982947064e-16,1.0,1937,205.6,101.2,1937,1,31,104.7,1937-01-31,220.9,194.6800971854364,26.219902814563596
-0.8660254037844385,-0.5000000000000004,-2.4492935982947064e-16,1.0,1895,79.7,21.80000000000001,1895,8,31,117.1,1895-08-31,114.9,89.6835290189469,25.216470981053106
-1.0,-1.8369701987210297e-16,-0.20129852008866114,0.9795299412524943,1857,32.0,3.0999999999999943,1857,9,30,8.4,1857-09-30,80.6,34.20952111841349,46.3904788815865
-1.0,-1.8369701987210297e-16,-0.20129852008866114,0.9795299412524943,1900,7.1,3.0,1900,9,30,14.0,1900-09-30,13.9,16.00428910928516,-2.10428910928516
0.49999999999999994,-0.8660254037844387,-2.4492935982947064e-16,1.0,1839,102.9,-135.1,1839,5,31,229.4,1839-05-31,89.6,95.38157306828512,-5.781573068285127
1.2246467991473532e-16,-1.0,-0.20129852008866114,0.9795299412524943,1847,125.7,-65.70000000000002,1847,6,30,108.4,1847-06-30,142.2,109.17886706479175,33.02113293520824
-0.4999999999999997,-0.8660254037844388,-2.4492935982947064e-16,1.0,1859,165.2,10.199999999999989,1859,7,31,107.7,1859-07-31,180.7,152.74571073554696,27.954289264453024
1.0,6.123233995736766e-17,-2.4492935982947064e-16,1.0,1966,35.3,29.099999999999998,1966,3,31,17.5,1966-03-31,36.4,43.54626431839384,-7.14626431839384
0.49999999999999994,-0.8660254037844387,-2.4492935982947064e-16,1.0,1935,20.4,10.799999999999997,1935,5,31,32.9,1935-05-31,45.4,32.872269782993584,12.527730217006415
0.49999999999999994,0.8660254037844387,-2.4492935982947064e-16,1.0,1965,22.1,25.0,1965,1,31,22.6,1965-01-31,25.4,29.771340371251156,-4.371340371251158
0.49999999999999994,-0.8660254037844387,-2.4492935982947064e-16,1.0,1948,268.5,52.0,1948,5,31,285.0,1948-05-31,246.4,263.4279966397522,-17.027996639752217
0.49999999999999994,0.8660254037844387,-2.4492935982947064e-16,1.0,2020,1.5,5.2,2020,1,31,7.7,2020-01-31,6.2,8.75072714386247,-2.5507271438624697
0.49999999999999994,0.8660254037844387,-2.4492935982947064e-16,1.0,2008,17.3,-3.3000000000000007,2008,1,31,29.3,2008-01-31,4.1,22.120620385805104,-18.020620385805103
0.49999999999999994,0.8660254037844387,-2.4492935982947064e-16,1.0,1834,16.6,-81.8,1834,1,31,18.7,1834-01-31,8.2,5.478404696022295,2.721595303977704
-2.4492935982947064e-16,1.0,-2.4492935982947064e-16,1.0,1987,48.8,6.800000000000001,1987,12,31,5.8,1987-12-31,29.1,48.89307327213521,-19.79307327213521
-2.4492935982947064e-16,1.0,-2.4492935982947064e-16,1.0,1971,89.5,-4.700000000000003,1971,12,31,118.2,1971-12-31,116.5,92.63094142284127,23.869058577158725
-0.4999999999999997,-0.8660254037844388,-2.4492935982947064e-16,1.0,1969,150.1,-133.9,1969,7,31,136.2,1969-07-31,137.1,119.74231185664675,17.357688143353244
-0.8660254037844386,0.5000000000000001,-2.4492935982947064e-16,1.0,1842,30.6,-13.599999999999994,1842,10,31,47.4,1842-10-31,63.5,35.056221890065814,28.443778109934186
-1.0,-1.8369701987210297e-16,-0.20129852008866114,0.9795299412524943,1887,35.7,-13.1,1887,9,30,35.7,1887-09-30,12.4,37.85400080857255,-25.45400080857255
-2.4492935982947064e-16,1.0,-2.4492935982947064e-16,1.0,1848,191.0,49.70000000000002,1848,12,31,182.6,1848-12-31,265.8,188.0173088175043,77.78269118249571
-1.0,-1.8369701987210297e-16,-0.20129852008866114,0.9795299412524943,1991,240.8,-50.69999999999999,1991,9,30,169.1,1991-09-30,168.9,206.37054085406862,-37.47054085406862
1.0,6.123233995736766e-17,-2.4492935982947064e-16,1.0,1958,233.6,86.19999999999999,1958,3,31,222.8,1958-03-31,270.0,232.53257677836456,37.46742322163544
-2.4492935982947064e-16,1.0,-2.4492935982947064e-16,1.0,1986,15.4,-5.8,1986,12,31,15.8,1986-12-31,5.8,22.32039699667429,-16.52039699667429
1.2246467991473532e-16,-1.0,-0.20129852008866114,0.9795299412524943,1969,169.9,-92.80000000000001,1969,6,30,156.2,1969-06-30,150.1,145.03936125686144,5.060638743138554
-0.4999999999999997,-0.8660254037844388,-2.4492935982947064e-16,1.0,2006,24.5,1.8000000000000007,2006,7,31,62.4,2006-07-31,22.2,38.046668719280476,-15.846668719280476
0.8660254037844386,0.5000000000000001,-0.5712682150947924,0.8207634412072763,1838,241.5,62.000000000000014,1838,2,28,292.6,1838-02-28,141.3,246.97543687532954,-105.67543687532952
-0.8660254037844386,0.5000000000000001,-2.4492935982947064e-16,1.0,1952,40.4,-43.0,1952,10,31,73.3,1952-10-31,34.2,41.20876773088139,-7.008767730881388
-2.4492935982947064e-16,1.0,-2.4492935982947064e-16,1.0,1926,100.8,74.9,1926,12,31,164.4,1926-12-31,132.4,121.26038943180356,11.139610568196446
-0.4999999999999997,-0.8660254037844388,-2.4492935982947064e-16,1.0,1963,51.2,-27.400000000000002,1963,7,31,31.4,1963-07-31,28.7,49.12104782394064,-20.421047823940643
-1.0,-1.8369701987210297e-16,-0.20129852008866114,0.9795299412524943,1838,131.3,-63.10000000000001,1838,9,30,160.4,1838-09-30,122.7,118.32977753836818,4.370222461631826
1.2246467991473532e-16,-1.0,-0.20129852008866114,0.9795299412524943,1981,194.7,-19.700000000000017,1981,6,30,222.7,1981-06-30,131.6,185.76682858514934,-54.16682858514935
0.8660254037844386,0.5000000000000001,-0.5712682150947924,0.8207634412072763,1911,5.6,-6.699999999999999,1911,2,28,52.5,1911-02-28,15.0,22.836732769850272,-7.836732769850272
-0.8660254037844385,-0.5000000000000004,-2.4492935982947064e-16,1.0,1971,114.7,-103.0,1971,8,31,131.7,1971-08-31,87.0,96.59556220275229,-9.59556220275229
-0.4999999999999997,-0.8660254037844388,-2.4492935982947064e-16,1.0,1944,8.2,3.8,1944,7,31,22.0,1944-07-31,8.5,20.36324509298403,-11.86324509298403
1.0,6.123233995736766e-17,-2.4492935982947064e-16,1.0,1848,186.4,-43.10000000000002,1848,3,31,143.0,1848-03-31,181.2,162.46156909419867,18.738430905801323
-0.8660254037844385,-0.5000000000000004,-2.4492935982947064e-16,1.0,1859,180.7,-11.900000000000006,1859,8,31,104.9,1859-08-31,203.0,159.449040938669,43.550959061331014
-2.4492935982947064e-16,1.0,-2.4492935982947064e-16,1.0,2019,0.5,-5.1,2019,12,31,3.1,2019-12-31,1.5,9.50583410386578,-8.00583410386578
-1.0,-1.8369701987210297e-16,-0.20129852008866114,0.9795299412524943,1972,108.9,0.6000000000000085,1972,9,30,71.3,1972-09-30,90.7,101.46809692748734,-10.768096927487335
0.8660254037844386,0.5000000000000001,-0.5712682150947924,0.8207634412072763,1999,86.0,52.6,1999,2,28,50.2,1999-02-28,98.0,95.16386379910267,2.8361362008973288
1.2246467991473532e-16,-1.0,-0.20129852008866114,0.9795299412524943,1860,203.5,11.600000000000023,1860,6,30,165.2,1860-06-30,206.3,190.06508752257653,16.234912477423478
0.8660254037844387,-0.4999999999999998,-0.20129852008866114,0.9795299412524943,1869,88.0,-40.8,1869,4,30,61.1,1869-04-30,68.4,77.82388409620735,-9.423884096207345
0.49999999999999994,-0.8660254037844387,-2.4492935982947064e-16,1.0,2017,32.3,-31.4,2017,5,31,51.5,2017-05-31,18.9,37.28706425855754,-18.387064258557544
1.0,6.123233995736766e-17,-2.4492935982947064e-16,1.0,1838,141.3,155.0,1838,3,31,224.3,1838-03-31,234.5,173.59654386149234,60.903456138507664
0.49999999999999994,-0.8660254037844387,-2.4492935982947064e-16,1.0,1901,7.4,14.3,1901,5,31,26.8,1901-05-31,17.0,22.574157767741447,-5.574157767741447
-0.4999999999999997,-0.8660254037844388,-2.4492935982947064e-16,1.0,1957,284.3,71.40000000000003,1957,7,31,182.7,1957-07-31,265.1,265.207252174817,-0.10725217481694926
1.0,6.123233995736766e-17,-2.4492935982947064e-16,1.0,1917,119.9,65.5,1917,3,31,111.7,1917-03-31,158.0,126.97050204810887,31.02949795189113
-0.4999999999999997,-0.8660254037844388,-2.4492935982947064e-16,1.0,1916,112.9,23.799999999999997,1916,7,31,119.4,1916-07-31,89.3,116.80587702774699,-27.50587702774699
-2.4492935982947064e-16,1.0,-2.4492935982947064e-16,1.0,2009,6.9,-81.0,2009,12,31,6.6,2009-12-31,16.3,1.3370559619079003,14.9629440380921
-0.8660254037844386,0.5000000000000001,-2.4492935982947064e-16,1.0,1949,205.8,21.0,1949,10,31,192.9,1949-10-31,186.3,195.0493795357954,-8.749379535795384
1.0,6.123233995736766e-17,-2.4492935982947064e-16,1.0,1833,24.9,-68.69999999999999,1833,3,31,91.9,1833-03-31,19.6,27.269938725264304,-7.669938725264302
1.0,6.123233995736766e-17,-2.4492935982947064e-16,1.0,1860,167.9,-110.30000000000001,1860,3,31,171.5,1860-03-31,188.0,140.08205841822098,47.91794158177902
0.49999999999999994,-0.8660254037844387,-2.4492935982947064e-16,1.0,1947,212.1,194.1,1947,5,31,141.6,1947-05-31,285.0,226.74767732475613,58.252322675243875
1.0,6.123233995736766e-17,-2.4492935982947064e-16,1.0,1903,28.4,-47.3,1903,3,31,9.3,1903-03-31,22.5,23.325264765124544,-0.8252647651245439
0.49999999999999994,0.8660254037844387,-2.4492935982947064e-16,1.0,1893,131.0,50.0,1893,1,31,115.2,1893-01-31,125.0,129.50559200134384,-4.505592001343842
-0.8660254037844385,-0.5000000000000004,-2.4492935982947064e-16,1.0,1879,12.6,-33.9,1879,8,31,10.7,1879-08-31,17.9,14.381555586967266,3.518444413032732
0.8660254037844387,-0.4999999999999998,-0.20129852008866114,0.9795299412524943,1899,30.3,15.100000000000001,1899,4,30,24.2,1899-04-30,23.6,38.81663781962538,-15.216637819625376
-0.4999999999999997,-0.8660254037844388,-2.4492935982947064e-16,1.0,1949,172.4,-97.30000000000001,1949,7,31,201.4,1949-07-31,178.3,151.7524486865624,26.547551313437623
-0.8660254037844386,0.5000000000000001,-2.4492935982947064e-16,1.0,1907,141.7,27.39999999999999,1907,10,31,29.7,1907-10-31,109.1,125.58278606028213,-16.482786060282137
1.2246467991473532e-16,-1.0,-0.20129852008866114,0.9795299412524943,1903,24.3,-98.89999999999999,1903,6,30,2.4,1903-06-30,27.2,11.927980410902116,15.272019589097884
-0.8660254037844385,-0.5000000000000004,-2.4492935982947064e-16,1.0,1912,4.9,-6.9,1912,8,31,5.9,1912-08-31,0.5,12.79425354183222,-12.29425354183222
-2.4492935982947064e-16,1.0,-2.4492935982947064e-16,1.0,1900,7.5,-10.7,1900,12,31,17.6,1900-12-31,0.5,15.23931913398907,-14.73931913398907
-0.5000000000000004,0.8660254037844384,-0.20129852008866114,0.9795299412524943,1869,99.0,-43.0,1869,11,30,98.7,1869-11-30,130.2,88.89023822092594,41.30976177907405
-0.8660254037844386,0.5000000000000001,-2.4492935982947064e-16,1.0,1867,18.7,17.1,1867,10,31,13.9,1867-10-31,25.5,27.134631628561394,-1.6346316285613938
-0.5000000000000004,0.8660254037844384,-0.20129852008866114,0.9795299412524943,1853,80.5,-12.799999999999997,1853,11,30,103.1,1853-11-30,54.7,80.56334468092219,-25.863344680922182
-0.8660254037844386,0.5000000000000001,-2.4492935982947064e-16,1.0,1923,22.1,19.0,1923,10,31,10.4,1923-10-31,19.5,29.87491855163549,-10.374918551635488
0.49999999999999994,0.8660254037844387,-2.4492935982947064e-16,1.0,1876,16.5,-30.4,1876,1,31,24.4,1876-01-31,23.9,15.465818931707375,8.434181068292624
0.8660254037844386,0.5000000000000001,-0.3943558551133187,0.9189578116202306,1932,20.1,-29.5,1932,2,29,71.8,1932-02-29,17.6,30.72480544081347,-13.124805440813468
-0.8660254037844385,-0.5000000000000004,-2.4492935982947064e-16,1.0,1881,128.2,-129.0,1881,8,31,80.3,1881-08-31,97.3,95.24701081399594,2.052989186004055
-0.4999999999999997,-0.8660254037844388,-2.4492935982947064e-16,1.0,1871,152.9,-34.5,1871,7,31,220.9,1871-07-31,171.8,150.14139027586435,21.65860972413566
-0.8660254037844386,0.5000000000000001,-2.4492935982947064e-16,1.0,1918,133.2,58.79999999999998,1918,10,31,120.3,1918-10-31,141.7,136.47622319102248,5.2237768089775045
0.8660254037844387,-0.4999999999999998,-0.20129852008866114,0.9795299412524943,1840,112.9,-71.00000000000001,1840,4,30,102.9,1840-04-30,109.8,96.87186372215746,12.92813627784254
-0.5000000000000004,0.8660254037844384,-0.20129852008866114,0.9795299412524943,1837,206.2,111.4,1837,11,30,201.5,1837-11-30,178.4,211.8245959085831,-33.424595908583086
-0.4999999999999997,-0.8660254037844388,-2.4492935982947064e-16,1.0,1858,84.5,-18.0,1858,7,31,42.2,1858-07-31,107.7,77.28292273400399,30.417077265996014
1.2246467991473532e-16,-1.0,-0.20129852008866114,0.9795299412524943,1951,153.7,2.5999999999999943,1951,6,30,118.3,1951-06-30,142.4,144.55463563376537,-2.1546356337653663
0.49999999999999994,-0.8660254037844387,-2.4492935982947064e-16,1.0,1833,4.6,-153.0,1833,5,31,68.9,1833-05-31,21.5,-4.136365636486925,25.636365636486925
-2.4492935982947064e-16,1.0,-2.4492935982947064e-16,1.0,1846,100.6,-20.200000000000017,1846,12,31,99.5,1846-12-31,109.1,95.40534834294604,13.694651657053953
0.8660254037844387,-0.4999999999999998,-0.20129852008866114,0.9795299412524943,1907,101.1,-30.30000000000001,1907,4,30,92.2,1907-04-30,87.6,93.95709249608365,-6.357092496083652
-1.0,-1.8369701987210297e-16,-0.20129852008866114,0.9795299412524943,1874,102.3,-44.5,1874,9,30,78.7,1874-09-30,46.8,88.91446570878871,-42.114465708788714
1.2246467991473532e-16,-1.0,-0.20129852008866114,0.9795299412524943,1995,19.4,-42.599999999999994,1995,6,30,39.7,1995-06-30,22.5,23.436024998069428,-0.9360249980694277
-0.4999999999999997,-0.8660254037844388,-2.4492935982947064e-16,1.0,1938,162.6,184.00000000000003,1938,7,31,241.8,1938-07-31,275.6,199.4381341039538,76.16186589604624
0.8660254037844387,-0.4999999999999998,-0.20129852008866114,0.9795299412524943,1918,120.4,6.699999999999989,1918,4,30,124.6,1918-04-30,134.1,119.60718427711436,14.492815722885638
0.49999999999999994,-0.8660254037844387,-2.4492935982947064e-16,1.0,1988,108.8,47.2,1988,5,31,39.1,1988-05-31,74.2,108.21808867110335,-34.01808867110334
0.8660254037844387,-0.4999999999999998,-0.20129852008866114,0.9795299412524943,1846,106.5,13.099999999999994,1846,4,30,95.0,1846-04-30,115.5,105.90797245646937,9.592027543530634
-1.0,-1.8369701987210297e-16,-0.20129852008866114,0.9795299412524943,1945,43.1,51.4,1945,9,30,23.7,1945-09-30,58.1,53.6935497721922,4.406450227807802
-0.5000000000000004,0.8660254037844384,-0.20129852008866114,0.9795299412524943,1877,11.2,-3.1999999999999993,1877,11,30,16.6,1877-11-30,23.6,17.94632497301152,5.653675026988481
0.49999999999999994,-0.8660254037844387,-2.4492935982947064e-16,1.0,1853,90.4,24.500000000000007,1853,5,31,104.3,1853-05-31,65.9,97.94575412945314,-32.04575412945313
0.8660254037844386,0.5000000000000001,-0.5712682150947924,0.8207634412072763,2010,19.5,-57.5,2010,2,28,1.3,2010-02-28,28.5,18.253102416528385,10.246897583471615
-0.8660254037844385,-0.5000000000000004,-2.4492935982947064e-16,1.0,1867,9.5,0.29999999999999893,1867,8,31,17.6,1867-08-31,9.1,18.925844348587034,-9.825844348587035
-0.4999999999999997,-0.8660254037844388,-2.4492935982947064e-16,1.0,1990,153.3,-34.599999999999994,1990,7,31,180.5,1990-07-31,191.1,145.70391137555063,45.39608862444936
-0.5000000000000004,0.8660254037844384,-0.20129852008866114,0.9795299412524943,1938,165.3,91.5,1938,11,30,123.9,1938-11-30,203.6,167.25693900884713,36.34306099115287
0.8660254037844387,-0.4999999999999998,-0.20129852008866114,0.9795299412524943,1979,195.3,28.69999999999999,1979,4,30,141.2,1979-04-30,143.7,183.42272088098392,-39.72272088098393
-0.8660254037844386,0.5000000000000001,-2.4492935982947064e-16,1.0,1942,28.7,15.399999999999999,1942,10,31,77.2,1942-10-31,32.0,43.07383902656578,-11.073839026565778
-0.8660254037844386,0.5000000000000001,-2.4492935982947064e-16,1.0,1976,20.0,0.5999999999999979,1976,10,31,13.6,1976-10-31,29.7,25.6448414243511,4.0551585756489
1.0,6.123233995736766e-17,-2.4492935982947064e-16,1.0,1896,95.7,3.5999999999999943,1896,3,31,101.6,1896-03-31,86.5,95.99109071333903,-9.491090713339034
-0.8660254037844386,0.5000000000000001,-2.4492935982947064e-16,1.0,1937,167.9,88.89999999999999,1937,10,31,148.2,1937-10-31,208.2,172.1672655543195,36.03273444568049
0.49999999999999994,-0.8660254037844387,-2.4492935982947064e-16,1.0,2011,76.1,-133.3,2011,5,31,13.9,2011-05-31,58.2,47.867109126017894,10.332890873982109
1.0,6.123233995736766e-17,-2.4492935982947064e-16,1.0,1847,74.9,-20.69999999999999,1847,3,31,106.5,1847-03-31,143.0,76.13067659061134,66.86932340938866
0.8660254037844386,0.5000000000000001,-0.5712682150947924,0.8207634412072763,1993,81.4,-103.10000000000001,1993,2,28,230.7,1993-02-28,127.8,87.41355895203972,40.386441047960275
0.49999999999999994,-0.8660254037844387,-2.4492935982947064e-16,1.0,1857,21.1,-52.3,1857,5,31,12.4,1857-05-31,54.2,19.180384260536513,35.01961573946349
-2.4492935982947064e-16,1.0,-2.4492935982947064e-16,1.0,1868,98.7,53.199999999999996,1868,12,31,47.9,1868-12-31,112.8,100.37898505837141,12.421014941628584
-2.4492935982947064e-16,1.0,-2.4492935982947064e-16,1.0,1836,201.5,320.5,1836,12,31,129.3,1836-12-31,343.8,237.22030697388158,106.57969302611843
-1.0,-1.8369701987210297e-16,-0.20129852008866114,0.9795299412524943,2007,9.8,1.0,2007,9,30,23.7,2007-09-30,4.0,19.45804814929304,-15.458048149293042
-0.5000000000000004,0.8660254037844384,-0.20129852008866114,0.9795299412524943,1880,71.7,-83.4,1880,11,30,21.9,1880-11-30,51.1,50.81890809214006,0.2810919078599383
-0.8660254037844386,0.5000000000000001,-2.4492935982947064e-16,1.0,1858,152.2,-61.10000000000002,1858,10,31,77.1,1858-10-31,173.2,123.85808961838364,49.341910381616344
0.8660254037844386,0.5000000000000001,-0.3943558551133187,0.9189578116202306,1984,74.8,49.300000000000004,1984,2,29,73.1,1984-02-29,110.2,87.10530430063227,23.094695699367733
0.8660254037844387,-0.4999999999999998,-0.20129852008866114,0.9795299412524943,1890,8.5,-7.7,1890,4,30,7.3,1890-04-30,2.7,15.797358780442153,-13.097358780442153
-0.5000000000000004,0.8660254037844384,-0.20129852008866114,0.9795299412524943,2005,13.2,-2.0,2005,11,30,70.1,2005-11-30,27.5,27.222870843656935,0.2771291563430651
-0.4999999999999997,-0.8660254037844388,-2.4492935982947064e-16,1.0,1877,23.6,-21.4,1877,7,31,25.5,1877-07-31,10.0,27.858869351876507,-17.858869351876507
-0.8660254037844386,0.5000000000000001,-2.4492935982947064e-16,1.0,1787,262.2,211.7,1787,10,31,187.2,1787-10-31,261.7,270.7621037879399,-9.062103787939918
0.49999999999999994,0.8660254037844387,-2.4492935982947064e-16,1.0,1945,47.4,25.1,1945,1,31,6.1,1945-01-31,30.8,46.967782298031636,-16.167782298031636
0.49999999999999994,0.8660254037844387,-2.4492935982947064e-16,1.0,1936,102.5,95.60000000000001,1936,1,31,31.1,1936-01-31,104.7,104.99191687118744,-0.29191687118743914
