Year,Sunspot_lag1,Sunspot_lag2,Diff_11Year,RollMean_11year,RollStd_11year,Sunspot,Forecast_Sunspot,Hata
1997,12.9,20.8,25.800000000000004,97.41590909090908,79.46123432363713,35.7,30.904708536619694,4.795291463380309
1985,17.9,22.0,-13.8,107.62045454545455,82.71107233505525,15.8,28.27408131430134,-12.47408131430134
1929,97.0,87.9,20.900000000000006,74.64545454545454,48.53800173852347,119.9,95.76809008124955,24.131909918750452
1992,98.5,94.3,-91.10000000000001,117.12121212121212,79.5791075331427,114.2,83.18565196744257,31.014348032557436
1900,7.5,21.6,-10.7,69.5621212121212,49.65498142381012,0.5,18.792899320041094,-18.292899320041094
2019,1.2,9.9,-4.3,49.541666666666664,41.25024365723389,0.9,11.137899655118503,-10.237899655118502
2002,151.2,187.9,-12.300000000000011,96.2280303030303,66.12155971153523,147.2,152.32545259845432,-5.125452598454331
1880,32.1,45.4,-67.5,88.60303030303031,80.9066873120873,32.4,30.749306682860045,1.6506933171399538
1884,126.9,145.8,-53.099999999999994,57.692424242424245,43.92424710970594,110.9,114.30860768208903,-3.408607682089027
1954,2.3,12.6,-2.5,101.34015151515152,79.38920923833622,10.5,17.78448781626671,-7.2844878162667115
1860,167.9,156.6,-110.30000000000001,92.03787878787878,60.693796016194575,188.0,134.54878581078748,53.45121418921252
1849,153.2,194.7,-3.4000000000000057,100.87045454545455,70.9762456108605,154.2,156.75463688874413,-2.5546368887441417
1868,44.5,61.1,-2.4000000000000057,95.68333333333332,57.9690219545003,51.8,55.906835908721234,-4.106835908721237
1979,190.3,143.7,55.5,88.73484848484848,56.98999374451439,211.7,173.2701969136656,38.4298030863344
1946,178.7,193.7,87.30000000000001,102.39090909090909,64.58787073820824,157.4,188.07475499898567,-30.674754998985662
1787,228.7,213.3,235.5,122.0401515151515,83.4342259204141,262.2,249.7510624916294,12.44893750837059
1932,29.7,18.7,-19.300000000000004,65.4969696969697,46.87199873651984,36.9,28.8787325331015,8.0212674668985
1924,42.6,41.9,36.3,69.94393939393939,56.2868773197493,37.5,52.969028399694466,-15.469028399694466
1849,135.7,178.0,59.0,101.35227272727273,71.33421656407643,188.2,152.98694901374938,35.21305098625061
1947,212.1,183.8,194.1,108.01439393939394,69.29895864365888,285.0,223.81887633690485,61.18112366309515
1936,128.4,123.9,71.8,69.08560606060605,47.80394619849875,124.8,132.53016332064254,-7.730163320642546
1931,21.6,29.0,-28.8,67.38939393939394,45.7830934120661,31.7,25.835761649231543,5.864238350768456
1848,232.0,214.9,-2.5999999999999943,100.10075757575757,69.26391776939288,220.9,207.89785582985155,13.002144170148455
1787,187.8,193.3,188.3,111.10530303030305,83.44602983562082,224.5,210.67525724853948,13.82474275146052
1975,27.9,13.6,-10.500000000000002,89.70454545454545,51.235066509665494,11.6,31.169877636656878,-19.569877636656877
1919,88.0,91.1,-81.0,68.11515151515152,59.355098412945516,69.9,72.05742012849622,-2.157420128496213
1904,97.1,84.3,-91.10000000000001,56.540151515151514,47.05129223241606,50.2,72.46615208132579,-22.266152081325785
1858,104.9,107.7,65.1,99.30984848484849,72.78890409090869,152.2,115.74530488282717,36.45469511717282
1920,64.6,55.4,-8.0,67.08030303030303,59.143070728316424,45.7,61.1089224646786,-15.408922464678596
2005,43.5,48.1,-7.899999999999999,91.09696969696971,63.68547588010495,39.6,50.30394020589543,-10.703940205895428
2002,175.6,161.0,19.0,96.66893939393938,66.61228382301914,187.9,164.10585965128882,23.79414034871118
1875,39.9,19.2,-89.0,101.98636363636363,72.19843073375202,20.9,26.009920083130865,-5.109920083130866
1855,10.0,17.3,-34.5,110.06439393939394,65.53677614800846,0.7,19.282067131459037,-18.582067131459038
1952,32.4,57.9,-46.0,108.1689393939394,74.16255627380312,31.5,41.60923447136307,-10.109234471363067
1876,51.1,25.1,-71.1,97.95303030303032,74.75167790441763,3.9,36.65368492992654,-32.75368492992654
1878,5.5,3.5,9.6,94.62878787878788,77.39860595062227,11.0,17.987590416466276,-6.987590416466276
1965,24.5,13.3,18.6,124.88787878787879,100.05995685816836,29.1,36.70816647933991,-7.608166479339907
1780,143.3,146.7,-54.39999999999998,126.03863636363636,85.03171087667737,143.3,130.57712855987495,12.722871440125061
1987,17.4,3.4,18.7,106.9280303030303,83.4510738540159,46.0,28.239050928302483,17.760949071697517
1946,157.4,178.7,81.8,103.01060606060605,64.84740780375523,170.5,170.6153564291546,-0.11535642915458766
1917,190.2,124.6,84.0,58.406060606060606,48.054334320205925,191.4,168.79553729848442,22.604462701515587
1924,34.6,18.9,38.4,68.50984848484848,57.49739836112129,40.0,41.84388591153325,-1.843885911533249
1833,1.7,21.5,-110.9,100.06742424242425,80.04656230486282,11.6,0.08924091405639345,11.510759085943606
1924,32.1,46.9,39.9,69.38560606060607,56.76467444208042,41.9,48.937304503563865,-7.037304503563867
1978,61.4,41.6,-83.3,86.27045454545454,52.97345977952738,73.7,45.05936932509664,28.640630674903363
1890,2.7,8.5,3.9000000000000004,58.08712121212121,44.36220522830226,7.9,13.491948940433403,-5.591948940433403
1900,21.6,13.9,7.2,69.64318181818182,49.55000126047674,7.5,27.833849041781896,-20.333849041781896
1880,45.4,40.1,-69.5,89.11439393939393,80.76193375535715,32.1,36.561129522758606,-4.461129522758604
1980,209.5,233.3,108.30000000000001,99.45,72.99013579699759,246.9,220.28273988837935,26.617260111620652
1884,85.3,110.9,8.5,57.44015151515152,43.609239618795556,88.5,91.243202034748,-2.743202034747995
1896,63.3,47.9,34.7,66.05757575757576,52.57506900709762,71.0,65.81997284302231,5.180027156977687
1900,20.1,25.3,-1.9000000000000004,69.63409090909092,49.60448119000005,13.9,28.659561301081865,-14.759561301081865
1879,4.0,10.4,-53.1,92.77954545454546,79.11484621355758,8.0,7.694129571329022,0.30587042867097836
1906,79.6,172.7,-19.0,50.56969696969697,38.40334340445222,93.5,100.41424844069228,-6.914248440692276
1776,13.2,25.2,-6.599999999999994,86.23939393939393,64.78000676108148,36.2,24.833691626153076,11.366308373846927
1993,62.5,80.4,-136.20000000000002,107.19848484848484,75.56852911832192,31.2,49.3856613631755,-18.1856613631755
1838,151.5,122.7,-64.10000000000002,136.46439393939394,89.0932662807715,129.2,128.074844794226,1.1251552057739787
1968,156.2,180.0,-128.90000000000003,115.30075757575757,90.97640118151969,136.2,133.51153347950685,2.6884665204931366
1931,29.0,25.5,-10.299999999999997,67.60757575757576,45.68022376185498,21.6,32.376307874743055,-10.776307874743054
1965,34.5,10.2,22.900000000000002,124.49772727272725,100.48808555399376,23.3,42.233131149001764,-18.933131149001763
1774,23.3,13.2,-72.0,91.0310606060606,61.3232545365796,29.5,16.36073416501749,13.13926583498251
1963,28.7,51.2,-30.299999999999997,124.07727272727273,100.99822656663073,47.5,41.26836897058416,6.231631029415837
1971,87.0,114.7,-108.8,86.85303030303031,52.77616921062682,71.3,76.44746116440487,-5.147461164404874
1840,106.2,114.7,-94.6,128.30833333333334,84.72177369282964,135.4,93.49674260220979,41.90325739779021
1856,8.5,8.4,-34.599999999999994,105.61969696969696,70.31122030423623,14.7,15.0106647568727,-0.31066475687270056
2013,76.7,120.2,-42.60000000000001,52.571969696969695,43.92763708540975,86.2,79.84185497681953,6.3581450231804695
1937,214.1,220.9,35.499999999999986,73.5659090909091,53.77384765416784,139.7,203.65693301480093,-63.95693301480094
1832,91.9,92.6,-113.50000000000001,112.73863636363636,76.17269415959295,44.8,73.81711345835923,-29.017113458359233
1937,241.8,217.1,126.8,77.97121212121213,59.97702044721503,229.5,234.91604205226258,-5.416042052262583
1956,175.6,104.1,131.79999999999998,107.34772727272727,76.68466955274448,167.7,168.3788733323139,-0.6788733323139127
1957,272.0,285.0,154.39999999999998,119.02348484848486,81.65535828011994,233.7,281.38781370362926,-47.687813703629274
1907,108.0,64.8,31.30000000000001,49.96439393939394,38.20749323528738,127.4,94.29095254734844,33.109047452651566
1937,139.7,214.1,117.99999999999999,74.45984848484848,54.59156166072753,182.2,173.72782483154157,8.47217516845842
1848,170.5,178.6,-48.49999999999997,100.41742424242425,69.94929733667801,214.9,154.003827521767,60.89617247823301
1898,57.1,58.1,40.1,68.35606060606061,50.964378006447554,51.6,66.5688584420501,-14.968858442050099
1923,29.0,12.2,3.0,67.59621212121213,58.31164680817522,7.5,30.256460629881524,-22.756460629881524
1925,27.5,37.5,4.3999999999999995,70.13787878787878,56.096089221981046,9.1,37.42546515863364,-28.32546515863364
1952,34.2,40.4,-32.2,105.91060606060606,75.31455589327265,31.8,39.66016845258126,-7.860168452581259
2001,194.1,238.2,-2.200000000000017,99.13712121212122,70.09583451302098,176.6,193.4807768522341,-16.880776852234106
1934,11.2,32.9,9.4,63.44848484848485,48.22918327967193,15.3,27.138279174580546,-11.838279174580546
1900,14.4,22.8,19.5,69.41666666666667,49.84517428489026,26.8,28.418008260249607,-1.6180082602496064
1979,194.7,235.9,64.80000000000001,88.01893939393939,55.97952069996533,195.3,204.09312342862847,-8.793123428628462
1919,98.5,139.0,-28.89999999999999,65.67954545454545,57.91632518950011,80.2,100.91852144781568,-20.718521447815675
2003,133.5,135.3,-155.0,93.97727272727273,63.80819492095126,75.7,101.47354814837833,-25.773548148378325
1878,13.1,11.0,-9.5,94.52424242424243,77.51613485942032,0.2,21.11398391367038,-20.913983913670382
1782,63.3,90.5,-137.5,113.94621212121213,80.12830303565967,61.7,52.321615752625306,9.378384247374697
1962,31.5,31.4,-45.0,125.20227272727273,100.18798244727948,72.7,34.72016021939334,37.97983978060666
1990,169.1,252.1,-64.20000000000002,121.5969696969697,83.01628915794998,199.4,174.56335838174243,24.836641618257573
1952,77.8,56.1,-69.4,106.48030303030303,74.90310019103411,40.4,62.7107490522496,-22.310749052249598
1853,87.2,76.0,51.4,108.0651515151515,67.8041127632422,95.8,95.37830574239884,0.4216942576011604
2015,66.7,93.0,-20.099999999999994,51.015151515151516,40.402525211777444,54.5,70.1800910823615,-15.6800910823615
1779,191.2,175.0,187.0,118.60909090909091,82.16362232006955,276.2,208.12950043113955,68.07049956886044
1843,29.3,67.5,-29.3,102.85303030303031,79.6216985264906,22.2,44.129046946546154,-21.929046946546155
1950,143.9,166.6,5.300000000000011,113.05606060606061,74.45472035295013,134.3,146.7411279820896,-12.441127982089597
1987,39.1,46.0,0.9000000000000021,107.09318181818182,83.29381655814363,18.8,49.89430508369571,-31.094305083695712
1901,4.0,0.4,-1.0999999999999996,69.51212121212122,49.71934673485677,7.4,12.341702652344502,-4.941702652344501
1929,90.1,57.3,-3.9000000000000057,72.72272727272727,46.50217197736112,135.1,78.39260366259663,56.70739633740337
1833,19.6,24.9,-109.2,103.2871212121212,79.32497600127921,4.6,12.104888535883632,-7.504888535883632
1899,34.1,12.9,17.5,68.92121212121212,50.39765236005575,22.5,36.394738872644616,-13.894738872644616
2005,37.2,60.5,-53.89999999999999,91.40984848484848,63.507571057758746,13.2,42.18452800756124,-28.98452800756124
1892,108.9,117.5,52.2,61.49242424242424,47.435654482842125,131.0,114.82895601235346,16.17104398764654
1882,98.6,96.1,6.699999999999989,65.05833333333334,54.81041724364432,140.6,94.7589093480532,45.8410906519468
1975,16.7,27.3,-7.200000000000003,88.95227272727271,52.14958295546465,16.9,29.156842130512707,-12.256842130512709
2003,100.7,75.7,-44.29999999999998,93.26060606060605,63.47328554798357,97.9,84.93669442483892,12.963305575161087
1958,270.0,233.6,65.50000000000003,130.6939393939394,95.09638722765476,277.6,250.55600277020358,27.043997229796446
1923,5.3,10.2,7.700000000000001,67.68636363636364,58.22026584115572,15.3,16.937952152716846,-1.6379521527168457
1882,106.9,159.6,-195.49999999999997,68.13712121212122,58.858623999633444,75.4,82.31415462337543,-6.914154623375424
1774,29.5,23.3,-82.0,90.40984848484848,61.622830680240334,20.3,20.971479774337148,-0.671479774337147
2004,70.1,74.2,-39.50000000000001,91.52196969696969,63.47292181493053,28.9,67.57857260093841,-38.678572600938416
1915,55.1,68.9,52.800000000000004,55.39848484848485,44.54885642049416,114.7,69.4279688092232,45.2720311907768
1880,40.1,12.2,-67.4,89.64090909090909,80.61381121089532,45.4,25.892058346427405,19.507941653572594
1850,117.0,83.8,41.8,102.11060606060606,71.64929564233069,133.0,112.02889115732957,20.971108842670432
1850,104.1,134.9,9.700000000000003,100.26439393939394,70.23335708708147,115.9,113.56271522417795,2.337284775822056
1847,142.2,125.7,-107.5,101.99621212121212,73.58718504152982,87.1,112.04478264617613,-24.944782646176137
1851,115.9,104.1,8.099999999999994,100.32575757575758,70.26781985415012,143.5,111.13574657208123,32.36425342791877
2018,10.7,6.8,-15.899999999999999,49.81969696969697,40.99706271249813,2.5,13.676826710316774,-11.176826710316774
1971,73.4,71.3,-37.400000000000006,86.23712121212121,52.60283190545701,89.5,68.65456656269498,20.84543343730502
1832,51.5,48.3,-70.70000000000002,114.13939393939394,76.138783245687,92.6,45.59637499340383,47.00362500659617
1968,166.0,154.8,-206.89999999999998,111.93863636363636,86.01022986176949,152.5,117.79309956220719,34.70690043779281
1975,29.6,35.9,4.699999999999999,89.0719696969697,51.99151914751358,27.3,41.17519156943294,-13.875191569432939
1987,63.4,42.2,40.9,108.27424242424242,82.20648144170131,48.8,70.0216462221145,-21.2216462221145
1864,89.5,109.7,48.0,91.34469696969697,61.45639093642244,125.9,103.9471629883018,21.952837011698207
1907,82.9,67.2,17.5,50.47727272727273,39.29824810288079,90.5,78.16864283629593,12.33135716370407
1867,18.7,9.1,17.1,94.49242424242425,59.297948191544165,25.5,29.28275919765626,-3.7827591976562616
2018,1.6,15.6,-6.4,49.663636363636364,41.13451082204629,8.7,12.663474040530026,-3.963474040530027
1921,52.5,49.8,-45.9,66.46515151515152,59.10967937791632,47.1,45.75873826157324,1.341261738426759
1952,57.9,65.0,-41.9,108.51742424242425,73.90717976486287,32.4,59.07087238216482,-26.670872382164823
1789,200.0,205.8,-60.0,128.88636363636363,81.93972814985013,195.0,179.7758819369247,15.22411806307531
1785,53.3,33.3,65.5,97.88863636363637,86.12146016189216,78.7,63.55666069552659,15.143339304473415
1980,219.6,191.7,97.9,98.04545454545455,71.32421766120311,233.3,212.07189562706816,21.228104372931853
1862,118.7,139.5,57.80000000000001,93.7621212121212,61.626421331707604,126.4,131.3640847923823,-4.964084792382295
1997,25.4,23.0,20.2,97.25984848484848,79.60496633769618,20.8,37.68893047247771,-16.888930472477707
1894,138.6,156.4,62.8,66.11136363636363,52.50354062612314,141.0,145.39536342930813,-4.395363429308134
1946,122.6,141.6,137.2,100.7560606060606,64.26587219824287,193.7,149.45613906599687,44.24386093400312
1859,165.2,172.8,10.199999999999989,94.59924242424243,65.74357600314461,180.7,159.14435186499236,21.55564813500763
1988,108.8,91.2,47.2,110.40151515151516,80.74030557442615,74.2,111.7173424931952,-37.5173424931952
1942,56.2,64.0,35.1,89.73106060606061,69.5634458414749,59.5,69.07748094058965,-9.577480940589652
1941,99.6,49.0,74.9,88.30833333333334,70.02468707716196,111.4,96.44978687344474,14.95021312655527
1988,139.4,131.4,80.29999999999998,113.02954545454546,80.04289569310248,142.7,147.15386466004253,-4.453864660042541
1882,96.1,67.5,-85.1,65.00757575757575,54.74298814761655,98.6,68.77665215939827,29.823347840601727
1835,158.6,168.0,141.7,97.95757575757575,83.75751817339588,166.7,176.77495521300318,-10.074955213003193
1927,98.5,131.9,2.299999999999997,79.06742424242424,56.11642545216656,91.6,106.3097109693479,-14.70971096934791
1955,126.3,83.0,61.4,104.62424242424242,77.13604034947448,108.8,121.13893237788473,-12.338932377884731
1918,141.7,133.2,48.5,66.22575757575758,58.332452860081226,139.0,137.76851212163905,1.2314878783609515
1938,198.6,164.0,28.099999999999994,80.19545454545454,62.54524452561448,144.2,177.4687059728612,-33.2687059728612
1958,271.0,242.9,16.100000000000023,130.9787878787879,95.41803887122724,283.5,245.09488395198179,38.405116048018215
1915,82.4,116.0,4.799999999999997,56.27348484848484,45.239305783390584,89.1,90.30335730903437,-1.2033573090343737
1779,241.7,196.7,162.10000000000002,121.73863636363636,83.50346123257981,233.3,239.31578710986838,-6.01578710986837
1871,270.9,238.7,106.9,106.59924242424243,70.52737814582366,242.6,257.4070251563396,-14.80702515633962
1911,9.6,8.3,-8.4,57.114393939393935,42.4797520380906,5.6,15.258777598926152,-9.658777598926152
1906,29.7,93.5,-14.900000000000006,49.77954545454545,37.90422389529663,64.8,49.510415584109595,15.289584415890403
1891,86.0,89.7,18.699999999999996,58.62803030303031,44.484016023588175,69.8,87.46120800036343,-17.66120800036343
1865,50.8,63.8,31.699999999999996,93.16818181818182,60.731444020805235,71.8,65.86157064587735,5.938429354122647
1863,102.1,77.1,-46.7,91.86969696969696,61.26614688476792,77.6,85.02912470869211,-7.429124708692115
1884,60.9,79.6,0.0,57.119696969696975,43.3434120114344,78.6,66.65225768100663,11.947742318993363
1993,127.8,81.4,-118.69999999999999,111.02499999999999,75.67782493586172,102.4,90.72477212915439,11.675227870845617
1963,33.7,50.1,-27.299999999999997,124.11742424242425,100.98460656347831,21.6,44.354011589757164,-22.754011589757162
1951,73.3,117.7,-23.200000000000003,109.34242424242423,73.488201391084,74.2,86.60174740848275,-12.401747408482748
1857,77.1,80.6,-119.0,100.32424242424243,72.7331083941393,59.6,59.47939032802336,0.12060967197664496
2018,6.8,8.2,-18.6,49.94015151515151,40.88016159692379,10.7,11.389583824605516,-0.689583824605517
2012,76.5,93.7,-106.5,57.970454545454544,52.46024847463855,87.6,61.05774701202162,26.542252987978372
1999,86.0,119.2,52.6,103.875,76.05799552450834,98.0,107.09790132845792,-9.097901328457922
2004,48.8,69.7,3.1000000000000085,91.65530303030303,63.35426904935231,74.2,61.63312885715463,12.566871142845372
1788,157.8,236.7,-46.39999999999998,132.49848484848485,87.66687814907264,215.8,167.15415560338153,48.645844396618486
1882,111.5,115.9,-49.400000000000006,70.61666666666666,63.10453240598579,159.6,98.31327716159778,61.28672283840221
1940,138.9,99.1,13.199999999999989,87.48333333333335,70.28704414800507,101.1,122.43398170322853,-21.33398170322853
1786,79.3,62.0,60.2,99.65833333333333,84.98893869803183,79.5,86.13178223216292,-6.631782232162919
1967,133.6,125.0,-93.0,120.01666666666665,95.0079941728223,179.0,111.42780890461746,67.57219109538254
1933,5.3,4.9,-1.1000000000000014,63.57575757575758,48.05520222883001,8.7,13.807290516564564,-5.107290516564564
1935,56.5,76.2,18.1,64.76818181818183,47.33747013848246,50.2,67.41558899543351,-17.215588995433507
1962,61.9,65.9,-82.80000000000001,126.38257575757575,99.51825679007966,59.6,55.63516738976561,3.9648326102343887
2015,75.3,54.5,29.599999999999994,51.243181818181824,40.53248286125563,88.8,72.78986740441357,16.010132595586427
1852,116.2,126.2,57.39999999999999,103.80530303030304,70.36862190467029,124.3,126.90958117890769,-2.609581178907689
1787,165.3,224.7,211.60000000000002,118.82878787878788,82.67083494916028,213.3,212.0719541323149,1.2280458676851254
1903,24.3,43.5,-98.89999999999999,63.66212121212121,51.82353724187492,27.2,18.26087825890839,8.939121741091608
1914,4.4,4.7,3.5,55.7969696969697,43.82131821018685,5.3,13.116093050028525,-7.816093050028525
2011,120.1,65.8,-30.299999999999997,64.72878787878788,60.90312860049727,125.7,91.98660323042319,33.71339676957682
1847,74.6,143.0,-59.999999999999986,103.30833333333334,74.500896087307,125.7,86.8455922346808,38.85440776531921
1892,115.2,54.3,37.5,59.36287878787879,45.056314898801844,126.1,97.35770865917635,28.74229134082364
1931,16.6,31.7,-14.099999999999998,66.78181818181818,46.04231014389405,31.2,26.261243473003326,4.938756526996674
1904,76.2,74.2,-52.1,60.02651515151515,49.750898353695675,52.6,64.81060553993396,-12.210605539933958
1972,87.0,116.5,59.89999999999999,86.69242424242425,52.656589622946804,125.3,106.84221915008057,18.45778084991943
1993,81.4,122.0,-103.10000000000001,111.92424242424242,76.27740765960166,127.8,78.73638106336034,49.06361893663966
1960,126.9,117.3,-45.39999999999999,132.49848484848485,97.82120236060591,121.2,115.3074600007801,5.892539999219906
1983,72.5,69.9,-13.5,109.7840909090909,80.13785720358726,45.7,73.90652031013157,-28.206520310131566
1951,79.3,84.8,30.599999999999994,109.975,73.45977283650456,131.7,90.13077834371488,41.56922165628511
1869,99.9,101.6,21.700000000000003,97.61439393939395,57.239537038599984,88.0,103.96686651171218,-15.966866511712183
1926,87.2,122.4,-13.299999999999997,76.69318181818181,54.811730779278655,102.7,94.05292095003135,8.647079049968653
1789,215.8,157.8,-105.5,131.6992424242424,86.64442956701959,190.0,167.03274323343527,22.96725676656473
1967,158.3,132.6,-58.29999999999998,125.76060606060607,98.63175305691523,98.4,134.54199242128396,-36.14199242128396
1889,1.3,11.1,10.7,57.69166666666667,44.758183253941084,14.2,14.570883673022315,-0.3708836730223162
1852,124.3,116.2,-8.100000000000009,103.74393939393939,70.3646014595492,104.3,117.04618978104425,-12.74618978104425
1846,93.4,178.6,-66.1,106.42954545454546,76.1214474984381,100.6,107.19431533374798,-6.594315333747986
1837,343.8,201.5,302.59999999999997,117.9598484848485,86.54666998488766,313.4,323.73484281188087,-10.33484281188089
1870,226.3,293.6,55.70000000000002,102.73863636363636,64.51374981880659,220.9,238.4213208509376,-17.5213208509376
1785,26.2,15.0,-38.5,97.25833333333334,86.61766126490916,34.5,24.187627266116962,10.312372733883038
1920,116.9,89.8,-69.89999999999999,67.65681818181817,59.241816767557694,24.7,90.16487909003477,-65.46487909003477
2010,36.4,29.6,-72.69999999999999,74.85681818181818,68.9880089073809,33.6,26.985089643613605,6.614910356386396
1908,65.8,80.2,99.2,52.85075757575757,41.489324472967894,150.9,86.8243095653433,64.0756904346567
1904,63.4,90.4,-124.30000000000001,54.51060606060606,43.65281355110557,91.1,48.91469228638388,42.18530771361611
1977,54.9,27.0,-49.6,87.92575757575759,52.93714784118165,30.6,43.294426220049914,-12.694426220049913
1904,84.3,69.8,-49.70000000000002,57.23030303030303,47.62225078020893,97.1,68.32830759331809,28.771692406681908
1918,127.9,134.1,-2.0999999999999943,63.47272727272727,55.74660102041758,99.0,120.90303901666057,-21.90303901666057
1900,17.6,13.0,14.399999999999999,69.17878787878789,50.09605434677423,15.7,26.467376127887228,-10.767376127887228
1974,47.9,79.1,2.0,88.82954545454545,52.2032313624102,57.2,63.653439846181556,-6.453439846181553
1839,175.9,132.9,-5.899999999999977,135.63560606060605,88.69187345629331,170.8,155.24007312740355,15.559926872596463
2000,158.1,141.6,-68.1,101.17954545454545,72.11638995786737,143.3,133.36637217668505,9.933627823314964
1899,14.0,4.9,18.3,69.05757575757576,50.243024841496315,21.7,22.720892804411903,-1.020892804411904
1788,236.7,235.0,-85.5,132.85,88.09541626221092,157.8,204.99955702727783,-47.19955702727782
1909,65.9,75.9,14.199999999999989,54.518181818181816,42.21359322727121,94.6,70.773624708466,23.826375291533992
2013,113.9,114.4,-22.999999999999986,50.11666666666667,39.30265450830877,124.2,102.84750846251212,21.35249153748788
1844,35.2,6.2,30.200000000000003,101.17651515151515,80.69254707948777,39.7,40.02794547084136,-0.3279454708413567
1889,11.1,17.9,-22.3,57.61060606060607,44.84715221979311,1.3,16.298016847619564,-14.998016847619564
1994,27.4,47.5,-102.7,103.27424242424243,76.38363361450244,29.8,25.105807307106033,4.694192692893967
1885,119.7,71.4,-18.5,57.10530303030303,43.427275902062654,82.9,94.71136759737864,-11.811367597378634
1833,4.6,19.6,-153.0,102.1280303030303,79.39425759840654,21.5,-5.948617219079317,27.448617219079317
1866,24.6,33.5,23.0,93.92727272727272,60.053565263872265,31.4,40.66159466510196,-9.26159466510196
1849,265.8,191.0,56.80000000000001,101.16439393939393,71.40285466161957,298.3,230.92587207215178,67.37412792784824
1976,7.9,29.7,-2.3999999999999986,89.37651515151515,51.71573632061129,22.3,25.73841214735277,-3.438412147352768
1952,31.5,32.4,-12.899999999999999,108.07121212121211,74.24214203187695,41.7,39.55497282758924,2.1450271724107637
1890,7.9,2.7,-5.8,58.043181818181814,44.415034579171135,2.2,13.066879458541408,-10.866879458541408
1902,3.8,1.5,-55.9,67.96969696969697,51.15084851421585,12.6,2.56788670096352,10.03211329903648
1832,35.2,13.7,-76.2,106.88787878787878,77.84379645063437,23.8,24.200644728671932,-0.40064472867193146
1945,114.5,58.1,62.099999999999994,95.8121212121212,64.86672423533786,76.6,106.62793650962972,-30.027936509629725
1873,92.5,78.6,-14.0,105.93030303030302,70.15827247626648,82.0,87.27408323963185,-5.2740832396318496
1833,9.8,12.5,-42.1,97.46742424242423,81.53315955052848,16.6,13.895615054652275,2.7043849453477264
1872,183.3,179.5,8.5,105.4659090909091,69.04216084376574,176.0,172.52645717889607,3.4735428211039334
1973,56.1,60.3,1.8000000000000043,88.20303030303032,52.64836533480007,33.2,62.765399051786986,-29.565399051786983
1937,208.2,167.9,23.10000000000001,79.32348484848485,61.49383989486291,123.9,183.14379851664546,-59.243798516645455
1987,47.9,38.2,22.200000000000003,107.70909090909092,82.69974612009145,42.2,56.5646275430484,-14.3646275430484
1861,181.7,186.0,-69.69999999999999,92.61818181818181,61.331303811376316,118.5,158.220525339826,-39.720525339826
2016,54.1,56.4,-1.7000000000000028,51.38333333333333,40.366094090992306,37.9,55.671355886047905,-17.771355886047907
1933,20.4,18.5,-7.0,64.31136363636362,47.74590290200636,36.9,25.47171891434072,11.428281085659279
1989,170.4,208.7,25.100000000000023,118.17348484848485,81.26737405301766,166.3,178.17541668122578,-11.875416681225772
1876,3.9,51.1,-47.4,97.5939393939394,75.06841231752652,8.5,21.257028270221404,-12.757028270221404
1961,121.2,126.9,-61.80000000000001,132.03030303030303,97.91406337978776,82.1,111.85138232306123,-29.751382323061236
1891,17.2,36.9,1.8000000000000043,57.856818181818184,44.49846929897039,34.2,29.625350119986578,4.574649880013425
1918,108.7,160.0,12.400000000000006,63.83484848484849,56.34131805188966,120.4,119.98543868778115,0.41456131221885073
1996,0.7,3.0,7.0,97.15151515151516,79.73157781897713,24.9,15.371924424570913,9.528075575429085
1882,75.7,75.4,-85.4,66.22575757575757,56.33742078173015,67.5,59.404926997163216,8.095073002836784
1961,86.9,75.2,-78.2,129.75,98.33721271512724,72.3,73.98093977286227,-1.6809397728622741
1862,96.0,79.8,-41.10000000000001,92.98030303030303,61.52052898773209,77.6,83.43901623970937,-5.83901623970938
1831,63.2,91.6,-129.6,117.08181818181818,76.20703902310456,77.1,54.79902353935118,22.300976460648812
1779,186.7,238.3,73.7,124.32954545454545,84.59936814106916,185.0,204.46723765778574,-19.467237657785745
1911,27.6,13.0,-0.5999999999999996,57.134848484848476,42.46889294431619,15.1,28.32518469584175,-13.22518469584175
1866,13.9,24.2,20.9,94.29545454545455,59.55734021154964,26.8,31.534067643392902,-4.734067643392901
1841,60.9,65.4,-102.1,109.31742424242425,78.6399578873294,47.4,49.64917266837351,-2.249172668373511
1785,43.8,34.5,13.0,97.04090909090908,86.68763345822224,60.5,49.01659259983792,11.48340740016208
1938,275.6,162.6,103.20000000000002,83.56136363636364,66.82016042593489,192.8,234.76882766695718,-41.96882766695717
1995,21.6,46.3,-77.5,98.73257575757576,78.3089238635906,19.4,25.20047917462469,-5.800479174624691
1944,0.4,18.3,-1.2000000000000002,91.26515151515152,68.81885724269627,4.1,17.66890372778242,-13.568903727782422
1969,138.8,137.1,-155.8,101.5439393939394,71.59094814373158,129.3,105.40082384900008,23.899176150999935
1887,21.7,0.6,-12.600000000000001,58.42045454545455,44.14077538625932,17.0,19.216800345071817,-2.2168003450718174
2004,72.2,82.9,-20.800000000000004,92.3659090909091,63.46062652554411,60.6,74.72906787103062,-14.129067871030621
1981,131.6,194.7,46.0,100.73333333333333,74.527379739186,205.3,153.5092746276929,51.79072537230712
1926,119.3,101.4,29.89999999999999,77.29242424242425,55.002160431145356,100.8,114.10015652526984,-13.300156525269841
1975,27.3,29.6,-8.600000000000001,89.00681818181818,52.077360530993765,16.7,35.66309721968441,-18.96309721968441
1786,79.5,79.3,123.60000000000001,100.59469696969697,84.77077336832974,142.3,102.62418845009971,39.6758115499003
1975,13.6,20.3,16.799999999999997,89.7840909090909,51.12090268699955,27.9,29.763639956794414,-1.8636399567944153
1837,292.6,313.4,209.3,121.66136363636365,87.35630088892577,224.3,310.7193556073088,-86.41935560730877
2001,176.6,194.1,16.30000000000001,99.26060606060605,70.28383432603006,213.4,173.96058015405418,39.43941984594582
1888,8.5,13.1,-8.2,58.36590909090909,44.14512989062737,11.7,16.04501265218883,-4.3450126521888315
1912,3.7,7.0,-13.5,56.33409090909091,43.29564410427307,0.4,10.457410793566865,-10.057410793566865
1900,13.9,20.1,-27.199999999999996,69.4280303030303,49.80845802418659,7.1,19.07972891996033,-11.979728919960332
1783,46.7,50.0,-103.69999999999999,109.09166666666667,80.60136100385836,64.5,36.39146491569217,28.10853508430783
1969,155.5,121.7,-138.89999999999998,108.1560606060606,80.71984938740967,147.8,113.97454958464492,33.82545041535509
1929,117.1,119.9,-60.0,73.71818181818182,47.174169439618446,109.6,102.16710008772121,7.432899912278785
1952,52.0,33.6,-55.300000000000004,107.175,74.63759809652461,56.1,44.00589401608754,12.094105983912463
1865,74.6,92.5,45.7,92.45227272727271,61.20225818553622,75.0,90.18081615075211,-15.180816150752108
1846,106.5,84.9,13.099999999999994,106.95606060606062,76.494701964499,115.5,101.6524468016628,13.847553198337195
1899,4.9,22.5,-0.5999999999999996,68.91893939393938,50.39970030895949,14.0,19.226501724523978,-5.2265017245239775
1970,151.3,180.5,-52.599999999999994,94.72424242424243,60.79178972439457,159.3,143.00769085576474,16.292309144235276
1832,23.8,35.2,-52.0,106.4939393939394,78.02151176993773,45.8,28.116855842234685,17.683144157765312
1943,48.1,20.7,26.900000000000002,91.33030303030303,68.7112366105333,45.7,50.69989241545805,-4.999892415458049
1863,71.6,75.7,-49.80000000000001,90.90530303030303,61.38098434237416,78.1,66.45233149814479,11.647668501855208
1957,233.7,272.0,40.69999999999999,119.33181818181818,81.8262927547251,184.5,235.555368848042,-51.05536884804201
1992,133.4,94.0,-56.400000000000006,113.77954545454546,77.3121053877496,129.6,108.91137078650904,20.688629213490955
1979,235.9,173.9,36.19999999999999,87.5280303030303,55.31169045901788,194.7,204.65765491980204,-9.957654919802053
1773,21.2,46.2,-65.4,94.04621212121212,60.130361442634246,48.8,26.340045431676103,22.459954568323894
1848,186.4,265.2,-43.10000000000002,101.29469696969697,71.38289541565787,181.2,189.20818997114623,-8.008189971146237
1852,127.9,71.2,70.19999999999999,105.22651515151514,69.74261826910654,103.1,120.1771174209896,-17.07711742098961
1948,134.3,122.0,86.30000000000001,111.35227272727273,73.1421803367497,268.5,142.4926678984208,126.00733210157921
1944,28.1,23.7,16.9,91.91666666666667,68.07384760490162,17.9,38.44323964020367,-20.543239640203673
1978,141.2,108.4,-5.400000000000006,86.17575757575759,52.8153085042473,117.1,123.95284712473851,-6.852847124738517
1960,149.9,207.2,-78.4,134.32045454545454,98.38424340010023,144.6,148.903404511031,-4.303404511031005
1988,124.3,74.2,100.80000000000001,111.69090909090909,80.31210821466982,131.4,125.36953272951943,6.030467270480571
1853,80.5,63.7,-12.799999999999997,108.34772727272728,67.57478578718991,54.7,76.6503776393282,-21.950377639328195
1856,12.4,0.7,-85.2,107.39242424242424,68.47207222652332,9.8,6.377138595343169,3.4228614046568318
1956,193.4,156.7,104.89999999999999,110.00378787878788,76.88034562093469,165.1,189.40095040873786,-24.30095040873786
1987,48.8,63.4,6.800000000000001,108.32575757575758,82.15430800541874,29.1,61.75908936910868,-32.65908936910868
1839,102.9,129.5,-135.1,133.66287878787878,88.21071701459793,89.6,89.27031964243622,0.3296803575637739
1950,77.7,87.0,6.5,110.29621212121212,73.4087910010067,76.7,85.62253354376875,-8.92253354376875
1854,30.1,35.5,35.7,109.9628787878788,65.59338591366352,42.6,48.492498410511416,-5.892498410511415
1950,160.6,155.4,-46.80000000000001,112.90075757575758,74.12529880604755,150.5,143.8372842478919,6.662715752108113
1923,15.3,5.3,-1.5,67.67499999999998,58.232267720026044,5.9,19.620448270615178,-13.720448270615178
1842,67.5,63.5,-18.999999999999996,103.07500000000002,79.43576153045724,29.3,66.73123774495,-37.431237744949996
1788,226.7,235.8,41.30000000000001,133.04924242424244,88.21579067611727,235.0,221.98160930971324,13.018390690286765
1919,69.9,88.0,-86.9,67.45681818181819,58.97766583768247,58.0,59.66585855055365,-1.6658585505536507
1948,192.9,202.9,11.699999999999989,111.78863636363637,73.59404809958184,135.6,186.34245711528092,-50.74245711528093
1854,35.5,40.1,10.5,109.69242424242424,65.94590846241455,30.1,48.40378074500039,-18.303780745000388
1924,8.5,0.8,-0.7999999999999998,67.85606060606061,58.06812300697815,3.0,14.578800750948076,-11.578800750948076
2010,24.0,28.5,-93.1,80.27348484848486,70.1018069480485,10.4,16.6203881555398,-6.2203881555397995
1999,93.6,103.5,75.39999999999999,104.42424242424242,76.11273290395468,149.6,111.01884233999196,38.58115766000803
2005,38.7,39.6,32.099999999999994,91.42575757575757,63.43139784244191,61.9,52.23227310475795,9.667726895242048
1999,149.6,93.6,82.89999999999999,105.05227272727272,76.61832386607799,207.2,141.64865219650716,65.55134780349283
1948,122.0,153.6,-5.399999999999977,110.69848484848484,72.10512679875062,134.3,128.3078306976496,5.992169302350419
1980,249.6,259.5,78.29999999999998,93.7219696969697,65.6256551425172,226.1,245.11900706165164,-19.01900706165165
1787,235.8,261.7,223.3,126.68030303030302,85.49031679410439,290.0,266.2065361812109,23.79346381878912
1831,63.4,90.9,-133.9,120.9409090909091,77.36671370820233,55.6,54.414651833309776,1.1853481666902255
1873,178.4,144.6,41.599999999999994,107.35530303030305,70.24052386647794,164.0,165.676188778212,-1.6761887782120084
1988,156.5,142.7,115.20000000000002,114.61742424242425,79.84125709994548,156.8,166.6362943757298,-9.836294375729778
1971,70.7,81.5,-57.7,88.45757575757577,54.11536887314621,114.7,66.69286855836391,48.00713144163609
1922,18.3,91.3,-1.5999999999999996,67.42424242424242,58.48272025242995,13.4,46.17948542521651,-32.779485425216514
1938,144.2,198.6,12.599999999999994,80.2909090909091,62.67099899632826,168.4,153.56040389041436,14.839596109585642
2018,4.9,3.3,3.4000000000000004,49.64696969696969,41.14964209057322,4.9,12.726431968369376,-7.826431968369375
1994,34.3,50.6,-29.400000000000006,101.4469696969697,77.03437662230341,40.5,42.66853361217261,-2.1685336121726095
1992,91.9,114.2,-151.3,114.83409090909092,78.04539081465063,94.0,74.2639481114106,19.7360518885894
1888,13.1,11.8,-6.0,58.42803030303031,44.08468830167171,8.5,18.706811767828256,-10.206811767828256
1777,75.0,66.7,40.8,86.67727272727272,64.73401313550197,60.8,80.7475443863035,-19.947544386303505
1974,57.5,30.9,-4.800000000000004,88.42727272727272,52.47199775337715,56.3,53.92708152321569,2.3729184767843066
1919,146.9,86.3,137.4,68.03257575757577,59.55267537617314,185.3,143.10654116585874,42.19345883414127
1877,10.5,10.0,3.900000000000002,94.68484848484849,77.34783780400052,28.1,21.7326060650528,6.367393934947202
1996,13.3,14.9,-13.0,97.82272727272728,79.06351161465766,7.7,22.620872779165552,-14.920872779165553
1831,75.4,55.6,-95.1,118.98636363636365,76.5899100172269,91.6,57.71806593984152,33.88193406015847
1846,115.5,106.5,27.30000000000001,107.16287878787878,76.43798904176222,99.9,115.61413225027205,-15.714132250272044
1948,164.9,181.3,-67.30000000000001,111.43712121212121,72.67331209519745,153.6,150.03392538388374,3.5660746161162535
1877,28.1,10.5,-2.700000000000001,94.66439393939395,77.36971825387064,11.2,30.79532530549256,-19.595325305492562
1870,266.9,262.7,130.70000000000002,101.91136363636363,63.28870556079838,293.6,265.98210426833265,27.617895731667375
1936,90.9,124.8,37.60000000000001,69.51818181818182,48.012094243175206,116.7,105.28037666384294,11.41962333615706
1853,63.7,95.8,17.0,108.44469696969698,67.50636307514034,80.5,81.60996006282471,-1.1099600628247117
1998,82.0,50.2,24.599999999999994,99.70909090909092,77.63260357670974,70.6,79.22290845647306,-8.62290845647307
1906,75.8,92.5,-73.4,50.624242424242425,38.000631013668084,52.3,65.39795463205523,-13.097954632055234
1848,220.6,167.3,12.599999999999994,100.35757575757576,69.6083472238675,191.0,190.28749974842793,0.7125002515720666
1917,160.7,120.3,122.0,62.42121212121212,55.54942374056503,215.5,157.55976230547458,57.94023769452542
1997,50.4,32.8,49.7,98.41590909090908,78.61643363889361,55.5,60.288270894765716,-4.788270894765716
1835,99.6,55.2,65.2,94.73787878787878,83.86820679790793,98.5,96.28912100057843,2.210878999421567
1846,108.4,99.9,-22.099999999999994,107.39848484848486,76.34389449520133,77.5,100.91684400936215,-23.41684400936215
1873,127.1,164.0,-22.099999999999994,107.52424242424242,70.26762811202904,80.0,130.6190450326614,-50.619045032661404
1977,19.0,13.0,-37.2,88.39848484848486,52.65247431148821,27.0,20.930331262130203,6.069668737869797
1910,90.2,93.0,-14.100000000000001,57.00984848484848,42.4470354476902,44.0,84.97372763157937,-40.973727631579365
1972,90.7,108.9,33.2,87.98257575757576,52.76475155873765,86.9,102.20127161122612,-15.301271611226113
1862,122.4,119.9,-60.8,93.52651515151516,61.95157535145089,82.7,106.75228734123068,-24.05228734123068
1852,71.2,75.3,80.5,104.69469696969696,70.02603475981124,127.9,90.59571881894453,37.30428118105547
1911,13.0,15.0,10.0,57.13939393939394,42.46439147263654,27.6,22.41217500102354,5.18782499897646
1848,178.6,181.2,-15.599999999999994,100.78484848484848,70.67880739288613,170.5,165.24463559967484,5.255364400325163
1971,111.8,129.2,-58.69999999999999,90.74469696969697,55.736222155908976,85.9,104.12698464295697,-18.226984642956964
1891,22.5,13.1,-8.5,57.95606060606061,44.420994722641666,36.9,23.96368323558196,12.936316764418038
2001,142.1,161.7,49.599999999999994,99.87272727272727,70.86813482068823,202.9,150.75109044569354,52.14890955430647
1876,16.6,23.9,-33.1,95.63560606060605,76.63364829352007,13.6,22.857926090474407,-9.257926090474408
2001,161.7,165.8,-33.099999999999994,99.4969696969697,70.447941842407,142.1,148.49474727542412,-6.394747275424123
1957,298.6,359.4,136.1,128.27424242424243,92.54303197214418,339.0,315.68223139566487,23.31776860433513
2013,114.4,54.5,-37.29999999999998,50.290909090909096,39.68274463879737,113.9,83.25906263711445,30.640937362885552
1971,81.5,101.6,-85.3,88.89469696969697,54.56017241918605,70.7,73.85494915308789,-3.154949153087884
1854,42.6,30.1,15.200000000000001,110.07803030303032,65.42774502450357,24.1,50.48705614147731,-26.38705614147731
1903,13.9,1.8,-57.6,65.5401515151515,51.914393509045006,28.4,7.786186241073466,20.613813758926533
1783,30.0,33.3,-70.9,105.1560606060606,81.96875056909732,13.3,27.197271625823262,-13.897271625823262
1912,7.6,8.2,6.9,56.28560606060606,43.32890742580346,7.4,16.646771895718977,-9.246771895718977
1944,8.5,8.2,27.5,91.49848484848485,68.55161535042366,27.9,24.51598506523888,3.384014934761119
1856,11.3,8.8,-42.6,106.22575757575757,69.66222718495493,8.4,15.426457759468093,-7.026457759468093
1897,18.9,33.3,-4.299999999999997,65.35303030303031,52.70798632852733,46.1,29.129612349767385,16.970387650232617
2019,0.5,0.4,-5.1,49.47424242424242,41.32625659498469,1.5,7.830930633616987,-6.330930633616987
2014,106.9,100.2,14.599999999999994,50.60530303030303,39.9178264992791,130.0,101.42392776105328,28.576072238946722
1891,68.5,34.2,23.500000000000007,58.25757575757576,44.519696509346076,80.4,62.15311376630321,18.2468862336968
2014,103.6,90.0,30.0,50.96363636363636,40.31511048280531,112.9,99.33571208474028,13.564287915259726
1932,18.8,17.6,-35.3,65.69848484848485,46.773686059690085,18.7,19.508000545814888,-0.8080005458148882
1784,28.3,13.3,-44.900000000000006,99.72045454545454,85.31574202900512,23.3,24.153215641956727,-0.8532156419567265
1864,125.9,89.5,-13.400000000000006,91.24318181818182,61.48383787280814,68.1,108.07486396325397,-39.97486396325398
2012,86.6,47.8,-79.9,62.381818181818176,58.901201815369895,85.9,58.56155451751924,27.338445482480765
1927,112.1,105.2,-13.0,79.67575757575759,56.22528582939592,75.3,103.74103799917175,-28.441037999171755
1977,22.3,7.9,-16.499999999999996,89.25151515151515,51.85501585615934,23.8,25.16429462261049,-1.3642946226104904
1919,86.3,110.9,90.30000000000001,66.99166666666666,58.681760488203686,146.9,107.04290909250061,39.8570909074994
2008,4.6,3.6,-15.600000000000001,91.1659090909091,63.929384742216996,5.2,13.760030073588915,-8.560030073588916
1855,7.9,18.3,-12.099999999999998,109.55530303030304,66.22644281092256,5.8,22.23518592642432,-16.43518592642432
1962,71.7,55.1,-14.399999999999991,128.2037878787879,99.06917654481474,64.9,70.5092413702075,-5.609241370207499
1775,6.5,18.7,-53.3,87.94924242424243,63.22175137363676,20.5,11.135255901449263,9.364744098550737
1776,58.3,50.0,43.400000000000006,85.96439393939393,65.19198556626907,66.7,66.6751878138179,0.024812186182103346
1851,68.6,120.0,12.599999999999994,100.96363636363637,70.77145052615985,109.0,89.48090439737577,19.519095602624233
2009,6.9,7.7,-81.0,82.73030303030303,69.40040911003558,16.3,3.2948053001646116,13.00519469983539
1950,87.0,72.7,-36.0,110.2469696969697,73.43367515817064,77.7,79.27656641400505,-1.5765664140050433
1775,18.7,19.3,-50.8,88.35303030303031,62.95733129085325,6.5,18.813363196233666,-12.313363196233666
1878,11.0,5.5,-4.299999999999999,94.59621212121212,77.4322559425438,13.1,19.25187479019064,-6.151874790190641
1960,177.1,175.6,38.599999999999994,135.73333333333332,99.25516401022787,207.2,176.22287845427985,30.977121545720138
1975,40.4,16.7,42.900000000000006,89.52272727272727,51.49786120350785,56.7,48.65758134209679,8.042418657903212
1896,48.4,117.9,-24.0,67.2409090909091,53.250224462194566,95.7,67.27897111595172,28.421028884048283
1781,110.0,122.5,-125.5,120.0090909090909,81.43867027377802,85.0,91.24085515591648,-6.240855155916478
1863,62.0,77.6,2.299999999999997,91.56666666666666,61.31083944196893,91.3,70.82026527657455,20.47973472342545
1880,12.2,21.9,-58.6,90.15151515151516,80.54487676605702,40.1,14.335796705979526,25.764203294020476
1868,44.0,26.3,51.1,95.52424242424243,58.14880243489587,61.1,54.98947406296155,6.110525937038453
2019,0.4,1.1,-3.7,49.51287878787878,41.283424404724585,0.5,8.231526850387105,-7.731526850387105
1951,131.7,79.3,63.099999999999994,110.45303030303032,73.53799603590097,153.7,124.399279763141,29.300720236858993
1773,54.8,85.3,2.0,95.92727272727272,59.56111120586756,68.5,69.14776907859277,-0.6477690785927734
1875,20.9,39.9,-79.4,101.38484848484849,72.5132759467292,24.4,22.71631045106946,1.6836895489305377
1961,46.5,53.7,-19.800000000000004,128.63863636363635,98.82125095785028,56.9,54.764619406632505,2.1353805933674934
2008,2.9,4.1,3.4000000000000004,91.58863636363635,63.41072422089123,15.5,16.377034761382717,-0.877034761382717
1943,13.0,16.7,3.3000000000000007,91.58106060606062,68.45484401483604,17.0,25.281985716132034,-8.281985716132034
1990,191.1,153.3,50.69999999999999,122.82424242424241,84.5094701962854,252.1,179.0136888334187,73.08631116658128
1849,182.7,250.3,-16.400000000000006,101.47348484848484,71.7308826140287,194.7,187.51372097665563,7.186279023344355
1980,233.3,219.6,77.1,98.62954545454545,71.92090199172482,209.5,224.3729652652484,-14.87296526524841
1907,109.1,141.7,27.299999999999997,51.615909090909085,40.511835664879776,102.5,116.59905870592313,-14.099058705923127
1842,41.4,44.9,-21.4,104.37651515151515,78.6228264155179,34.2,46.168041213770636,-11.968041213770633
1976,24.1,2.9,-4.5,89.5030303030303,51.534427741613506,20.0,26.918510615272183,-6.918510615272183
1939,133.9,154.7,6.599999999999994,85.58787878787878,68.38083749066055,129.0,134.32966278997844,-5.329662789978443
1999,188.3,168.7,-114.39999999999999,104.58181818181819,76.25053804658822,116.8,150.5889478689715,-33.788947868971505
1965,20.8,25.4,1.6999999999999993,124.01515151515152,101.01851654379868,17.5,34.93515404220475,-17.43515404220475
1980,232.2,178.7,84.79999999999998,95.24621212121212,68.08576809879976,254.7,212.98443371534466,41.715566284655324
1942,28.7,33.7,15.399999999999999,90.67878787878789,69.24793052856533,32.0,41.18770076430471,-9.187700764304708
1920,85.3,58.0,13.899999999999991,67.8,59.01305328497467,89.8,77.71265417377113,12.08734582622887
1916,84.5,75.1,11.400000000000006,56.38181818181818,45.26031714558959,109.5,80.84945706239402,28.650542937605977
1994,29.5,67.1,-13.399999999999999,101.18181818181819,77.23613422651856,32.2,47.48435926660663,-15.284359266606629
1952,40.4,77.8,-43.0,106.15454545454546,75.12459103152854,34.2,52.17477677345312,-17.974776773453115
1832,44.8,91.9,-109.79999999999998,111.90681818181818,76.04629886771706,68.9,47.15920930468316,21.740790695316846
1930,61.4,63.7,-137.3,70.92499999999998,45.622525866201315,48.0,39.96262085667129,8.037379143328707
1777,60.8,75.0,46.7,87.03106060606059,64.48459444707652,65.0,76.11421735250597,-11.114217352505975
1856,9.8,12.4,-70.9,106.85530303030303,68.96725333614431,8.8,10.712777403017768,-1.9127774030177669
1866,17.6,31.4,14.2,94.0371212121212,59.911706543565494,24.2,34.50246706188098,-10.302467061880979
1888,4.6,5.0,4.6,57.91136363636364,44.551638531441384,14.6,13.650542995543177,0.9494570044568231
1777,133.8,159.2,89.8,89.39318181818182,64.51472427139417,134.5,150.30525496834292,-15.805254968342922
1909,38.5,59.6,21.700000000000003,55.78181818181818,42.24767000790043,64.7,51.84044106541086,12.859558934589145
1841,92.8,112.4,-143.6,111.84924242424243,78.76320826706427,51.4,74.53386193990217,-23.133861939902168
2003,86.8,97.9,20.200000000000003,93.35681818181818,63.51290930050393,118.7,94.83380834015392,23.86619165984608
1945,53.4,35.9,18.1,93.14242424242424,66.87217397463205,51.0,56.91993758243551,-5.919937582435509
1969,135.4,129.3,-83.19999999999999,99.99318181818182,69.68008487341787,132.4,113.93379641100209,18.466203588997914
1968,154.8,136.2,-168.0,113.50606060606061,88.60126457972314,166.0,112.9663774787464,53.033622521253605
1947,223.5,232.1,122.39999999999998,110.84848484848484,72.06381659202447,267.4,231.89427978770027,35.50572021229971
1777,186.7,158.3,187.0,93.3439393939394,64.63517849334467,193.7,198.11967358902365,-4.41967358902366
1867,2.9,17.2,-4.4,94.2159090909091,59.67607833228871,1.4,18.706205586550382,-17.306205586550384
1902,9.3,6.4,7.6,69.13863636363635,50.14605332202275,20.7,18.593493379179385,2.106506620820614
1784,10.0,16.7,-53.5,100.98712121212121,84.3273867345679,15.0,13.33867583748556,1.6613241625144397
1970,140.8,131.7,-35.099999999999994,92.82424242424241,57.71495515930029,122.6,125.84221565890742,-3.2422156589074262
2017,26.4,26.1,12.0,50.61515151515152,40.38232264765872,17.7,33.341647862024175,-15.641647862024175
2009,2.9,1.2,-84.2,86.38257575757575,68.01648149637633,6.3,-0.89192611127541,7.19192611127541
1782,61.7,63.3,-39.5,113.64696969696969,80.20633547475629,73.3,60.843651090756794,12.456348909243204
1978,108.4,132.6,42.79999999999998,86.21666666666667,52.84152913209299,141.2,120.69859499005314,20.50140500994685
1934,12.9,5.7,1.7000000000000002,63.1340909090909,48.53360499356145,7.2,18.815036071609256,-11.615036071609257
1989,238.2,212.2,37.5,123.17575757575759,84.74567261010614,211.4,220.7698810760778,-9.369881076077803
2021,21.8,34.0,-9.1,49.74999999999999,41.107968990255536,10.4,29.121411388107525,-18.721411388107526
1970,134.8,122.6,-58.89999999999999,92.06893939393939,56.941074581000585,118.2,115.48489073140583,2.7151092685941762
1775,1.7,20.5,-36.8,87.30454545454546,63.82806684042454,13.2,11.71247456221262,1.4875254377873794
1970,131.7,159.3,-64.79999999999998,93.09015151515153,57.933631229690825,140.8,123.38226887296152,17.417731127038493
1954,2.7,15.8,-22.400000000000002,101.8219696969697,78.8531491569522,1.2,15.505097804926002,-14.305097804926003
1947,188.9,163.7,55.400000000000006,105.88257575757575,66.9353299563711,183.8,179.94851486919669,3.8514851308033258
1836,185.7,238.0,192.9,106.58712121212122,83.6183025413312,207.9,222.8276729015788,-14.927672901578802
2002,186.9,147.1,20.599999999999994,98.34545454545454,69.02603819318327,187.5,166.95581569353806,20.544184306461943
1931,43.0,59.4,-60.9,68.65454545454546,45.66894540714691,24.4,41.39857496340376,-16.99857496340376
1945,76.6,114.5,20.000000000000004,95.96363636363637,64.72490969300402,45.7,93.80114011254277,-48.101140112542765
1933,5.0,8.5,-11.2,63.27272727272727,48.40521719863656,1.0,12.83159058566288,-11.83159058566288
1968,115.0,130.5,-53.0,117.24772727272726,92.9844068565232,180.0,109.16827768488541,70.83172231511459
1929,119.9,97.0,-62.400000000000006,74.17272727272727,47.807361678648824,117.1,96.74694480535206,20.353055194647936
2000,133.1,116.8,-43.0,103.67272727272727,75.36769317276878,165.7,116.48110460296628,49.218895397033705
1836,194.6,207.9,162.9,109.21969696969697,83.37848262467345,179.6,214.26418241679147,-34.664182416791476
1955,83.0,60.8,108.4,104.1590909090909,77.29563150365574,126.3,98.13975435384984,28.16024564615016
1901,9.7,17.0,-1.0000000000000002,69.62651515151515,49.581666551177236,1.2,20.456815449814293,-19.256815449814294
2004,74.8,74.6,-35.2,91.48712121212122,63.47637224094261,59.2,71.14603223741008,-11.94603223741008
1852,126.2,129.9,66.6,103.37045454545455,70.41834287692575,116.2,135.2835258370725,-19.083525837072486
2010,29.6,25.2,-105.9,75.40757575757576,68.94630903794676,36.4,16.0067532291055,20.3932467708945
1924,40.0,34.6,44.0,68.84318181818183,57.241101436079475,46.9,50.53565976625107,-3.6356597662510737
1943,45.7,48.1,24.8,91.51818181818182,68.54482994872416,43.5,56.92019475397156,-13.420194753971558
1846,84.9,64.6,73.8,106.85681818181818,76.49203041177763,106.5,94.12887301796768,12.371126982032322
1866,24.2,17.6,13.200000000000001,94.1371212121212,59.76556414272508,13.9,34.13304023625076,-20.23304023625076
1904,61.9,40.8,-59.400000000000006,58.63939393939393,48.94060702957994,71.6,45.496622873114006,26.103377126885988
2013,120.2,107.3,-110.8,52.894696969696966,44.33121402069525,76.7,88.9894325792785,-12.289432579278497
1913,4.8,3.8,-5.6000000000000005,56.306060606060605,43.301832123811245,0.8,11.561090949161503,-10.761090949161503
1979,211.7,190.3,89.5,89.41287878787878,58.08097848588939,225.7,205.09917748962567,20.600822510374314
1898,24.2,63.9,9.600000000000001,67.32878787878788,51.60734685004854,43.0,43.81427567651575,-0.8142756765157486
1840,91.7,123.3,-67.4,119.94242424242424,80.59883517921418,90.4,91.55827105660025,-1.1582710566002419
1901,6.3,0.9,-12.200000000000001,69.1310606060606,50.14968454472294,6.4,11.767518217186392,-5.367518217186392
2010,13.9,10.4,-130.79999999999998,78.67878787878789,70.25762193343105,18.8,-1.312777259743374,20.112777259743375
1983,108.9,131.5,-12.900000000000006,110.15303030303029,79.96339948953377,96.0,112.78032385615514,-16.780323856155135
2001,161.5,123.0,69.1,99.1939393939394,70.1709338899568,238.2,154.06159684066517,84.13840315933481
1837,224.3,292.6,204.10000000000002,123.20757575757575,87.45996041043136,230.3,264.8181009026606,-34.51810090266059
1886,72.9,95.5,-5.199999999999996,58.38030303030303,44.114456337154685,51.2,77.35845627854825,-26.158456278548243
1895,78.6,113.2,39.30000000000001,67.5969696969697,53.363898279662045,117.9,94.4847178459571,23.4152821540429
1852,89.0,104.3,28.6,103.93181818181819,70.25151359993038,80.0,99.89269850702324,-19.89269850702324
1863,77.1,126.0,-14.100000000000009,92.22348484848484,61.31793115307227,102.1,90.6777141166247,11.422285883375295
1860,186.0,171.1,46.0,93.14621212121212,61.85364948819195,181.7,176.9093869668779,4.790613033122099
1905,121.6,81.6,-37.900000000000006,52.44772727272727,40.812719664319395,98.1,94.89943945930634,3.200560540693658
1910,23.5,20.5,-4.300000000000001,56.790909090909096,42.54564402052734,19.3,27.436895596149114,-8.136895596149113
1789,171.7,195.0,-99.5,127.66590909090907,80.49838159631075,186.7,153.32783259111523,33.37216740888476
1905,94.3,143.0,-90.9,53.368181818181824,42.17989702096845,65.5,87.70047237329342,-22.200472373293422
1980,219.4,226.1,-13.600000000000023,93.98939393939395,66.05430828021744,178.7,201.86697997250076,-23.16697997250077
1855,18.3,5.9,-28.0,109.64696969696969,66.08996810316181,7.9,21.808820086661385,-13.908820086661384
1990,227.4,211.4,-22.899999999999977,122.93787878787879,84.53811058943201,171.8,203.62818738053863,-31.828187380538623
2001,238.2,161.5,-5.300000000000011,99.15378787878787,70.11465245837894,194.1,196.00441944527807,-1.90441944527808
1991,240.3,195.3,18.30000000000001,120.65151515151516,81.85479741763612,197.0,213.48169482055027,-16.481694820550274
1947,163.7,202.9,65.0,105.4628787878788,66.6159660449906,188.9,178.51194173256238,10.388058267437629
1778,241.7,223.3,343.4,106.56136363636364,74.71827151968694,398.2,277.49851189741156,120.70148810258843
1899,32.4,21.1,3.5,68.3659090909091,50.947329229860365,15.3,35.21442868463282,-19.91442868463282
1984,45.6,45.7,13.0,109.74090909090908,80.18413632540569,74.8,56.16580918394092,18.634190816059075
1881,88.6,60.6,-43.2,83.46136363636363,79.77682194888251,85.8,71.21500486839703,14.584995131602966
1973,84.1,36.6,-12.399999999999999,88.23409090909091,52.660972163867264,43.7,69.44337397815461,-25.743373978154608
1976,17.9,18.2,-14.4,89.45530303030303,51.60279937136092,2.9,26.031412595547323,-23.131412595547324
1850,163.7,117.0,-16.599999999999994,100.27121212121212,70.2325108275755,134.9,137.8919849906835,-2.9919849906835054
1780,178.7,158.3,23.999999999999986,126.55681818181819,85.27739218151353,146.7,168.17987997310297,-21.47987997310298
1975,56.7,40.4,13.3,89.62348484848485,51.34796257930387,20.3,59.64376593126059,-39.34376593126059
1841,47.4,60.9,-190.4,107.875,78.2786560703696,32.9,24.786111557208727,8.113888442791271
1834,13.1,14.8,-47.300000000000004,94.37272727272726,83.54488037444317,14.4,15.026737410142537,-0.6267374101425371
1980,254.7,232.2,72.6,95.79621212121212,68.82151980736772,222.7,239.25738217904848,-16.55738217904849
1978,99.7,134.6,-69.4,85.72121212121212,52.54333148950254,82.4,96.36069277819803,-13.960692778198023
1859,180.7,165.2,-11.900000000000006,94.50909090909092,65.58532168512481,203.0,161.91038704715163,41.08961295284837
