Diff_11Year,Month_sin,Month_cos,Year_sin,Year_cos,Sunspot_lag1,Sunspot_Lag_12,Sunspot_lag132,Diff_12Year,Diff_1Year,Ger√ßek_Sunspot,Tahmin_Sunspot,fark
25.800000000000004,-0.8660254037844385,-0.5000000000000004,-0.2817325568414228,-0.9594929736144994,12.9,19.7,9.9,16.000000000000004,22.800000000000004,35.7,33.14635804358352,2.5536419564164845
-13.8,-2.4492935982947064e-16,1.0,0.2817325568414462,-0.9594929736144924,17.9,21.4,29.6,-5.599999999999998,-2.099999999999998,15.8,15.337556264742728,0.46244373525727234
20.90000000000001,1.2246467991473532e-16,-1.0,0.7557495743542569,-0.6548607339452867,97.0,152.4,99.0,-32.5,22.900000000000006,119.9,123.09932641088658,-3.19932641088657
-91.1,-0.4999999999999997,-0.8660254037844388,0.5406408174556019,0.8412535328311784,98.5,240.2,205.3,-125.99999999999999,15.700000000000003,114.2,114.67513112346305,-0.47513112346304354
-10.7,-2.4492935982947064e-16,1.0,-0.989821441880932,-0.1423148382732907,7.5,17.6,11.2,-17.1,-7.0,0.5,2.0323993936590434,-1.5323993936590434
-4.3,-0.4999999999999997,-0.8660254037844388,-0.2817325568414087,-0.9594929736145036,1.2,1.6,5.2,-0.7000000000000001,-0.29999999999999993,0.9,1.316002420376282,-0.4160024203762819
-12.300000000000011,-0.5000000000000004,0.8660254037844384,8.822408798953651e-15,1.0,151.2,176.6,159.5,-29.400000000000006,-4.0,147.2,145.06072221898805,2.139277781011941
-67.5,0.8660254037844387,-0.4999999999999998,-0.5406408174556085,0.8412535328311741,32.1,10.4,99.9,22.0,0.29999999999999716,32.4,30.21665046052592,2.1833495394740794
-53.1,0.4999999999999999,-0.8660254037844387,0.9898214418809328,-0.1423148382732849,126.9,52.5,164.0,58.400000000000006,-16.0,110.9,110.9906230186355,-0.09062301863549749
-2.5,-0.8660254037844386,0.5000000000000001,-0.7557495743542563,-0.6548607339452873,2.3,12.3,13.0,-1.8000000000000007,8.2,10.5,8.845550057002754,1.6544499429972461
-110.3,1.0,6.123233995736766e-17,0.5406408174555984,0.8412535328311807,167.9,171.5,298.3,16.5,20.099999999999994,188.0,187.80545778678322,0.19454221321677778
-3.4000000000000057,1.2246467991473532e-16,-1.0,0.5406408174555987,0.8412535328311805,153.2,214.9,157.6,-60.70000000000002,1.0,154.2,154.78483829520164,-0.5848382952016493
-2.4000000000000057,1.2246467991473532e-16,-1.0,-0.9096319953545192,0.4154150130018848,44.5,2.8,54.2,49.0,7.299999999999997,51.8,52.008453578987336,-0.20845357898733852
55.5,1.2246467991473532e-16,-1.0,-0.5406408174555924,0.8412535328311844,190.3,134.6,156.2,77.1,21.399999999999977,211.7,206.80098151811276,4.899018481887225
87.30000000000001,-1.0,-1.8369701987210294e-16,-0.5406408174556098,0.8412535328311733,178.7,58.1,70.1,99.30000000000001,-21.299999999999983,157.4,158.2620701625627,-0.8620701625627021
235.5,-1.0,-1.8369701987210294e-16,0.2817325568414301,-0.9594929736144971,228.7,185.8,26.7,76.39999999999998,33.5,262.2,272.4516442555427,-10.251644255542715
-19.300000000000004,1.2246467991473532e-16,-1.0,-0.7557495743542566,-0.654860733945287,29.7,25.5,56.2,11.399999999999999,7.199999999999999,36.9,34.49887886481734,2.401121135182656
36.3,-0.5000000000000004,0.8660254037844384,-0.5406408174556093,0.8412535328311735,42.6,16.7,1.2,20.8,-5.100000000000001,37.5,39.30379291871748,-1.8037929187174768
59.0,-0.5000000000000004,0.8660254037844384,0.5406408174555987,0.8412535328311805,135.7,191.0,129.2,-2.8000000000000114,52.5,188.2,200.66376581955902,-12.463765819559029
194.1,0.4999999999999999,-0.8660254037844387,2.941628240500001e-15,1.0,212.1,141.6,90.9,143.4,72.9,285.0,288.5856350618551,-3.5856350618551005
71.8,0.8660254037844387,-0.4999999999999998,-1.8129724472473532e-14,1.0,128.4,20.4,53.0,104.4,-3.6000000000000085,124.8,121.97150195416073,2.828498045839268
-28.8,-1.0,-1.8369701987210294e-16,-0.2817325568414242,-0.959492973614499,21.6,53.5,60.5,-21.8,10.099999999999998,31.7,32.571731135606335,-0.8717311356063355
-2.5999999999999943,-0.8660254037844385,-0.5000000000000004,-9.064862236236767e-15,1.0,232.0,234.3,223.5,-13.400000000000006,-11.099999999999994,220.9,221.91934166645282,-1.0193416664528172
188.3,0.4999999999999999,0.8660254037844387,0.2817325568414301,-0.9594929736144971,187.8,62.0,36.2,162.5,36.69999999999999,224.5,237.2760896609679,-12.776089660967898
-10.500000000000002,-2.4492935982947064e-16,1.0,-0.2817325568414232,-0.9594929736144991,27.9,29.6,22.1,-18.0,-16.299999999999997,11.6,11.342905618590205,0.2570943814097948
-81.0,-0.5000000000000004,0.8660254037844384,0.2817325568414312,-0.9594929736144968,88.0,139.0,150.9,-69.1,-18.099999999999994,69.9,67.9691896689783,1.9308103310217035
-91.1,-1.0,-1.8369701987210294e-16,0.5406408174555917,0.841253532831185,97.1,18.5,141.3,31.700000000000003,-46.89999999999999,50.2,50.39186677565651,-0.19186677565650712
65.1,-1.0,-1.8369701987210294e-16,-0.5406408174556021,0.8412535328311782,104.9,80.6,87.1,71.6,47.29999999999998,152.2,158.02488094070748,-5.824880940707487
-8.0,-0.4999999999999997,-0.8660254037844388,-0.2817325568414312,-0.9594929736144968,64.6,107.8,53.7,-62.099999999999994,-18.89999999999999,45.7,46.48326232029562,-0.7832623202956199
-7.899999999999999,1.0,6.123233995736766e-17,0.989821441880934,-0.1423148382732752,43.5,74.8,47.5,-35.199999999999996,-3.8999999999999986,39.6,43.22701963537305,-3.6270196353730455
19.0,-1.0,-1.8369701987210294e-16,8.822408798953651e-15,1.0,175.6,238.2,168.9,-50.29999999999998,12.300000000000011,187.9,186.37508428460603,1.5249157153939734
-89.0,-0.4999999999999997,-0.8660254037844388,0.2817325568414303,-0.9594929736144971,39.9,113.2,109.9,-92.30000000000001,-19.0,20.9,18.27178114132666,2.628218858673339
-34.5,-0.4999999999999997,-0.8660254037844388,-0.7557495743542577,-0.6548607339452857,10.0,35.5,35.2,-34.8,-9.3,0.7,2.4395363372355856,-1.7395363372355857
-46.0,1.0,6.123233995736766e-17,0.2817325568414388,-0.9594929736144948,32.4,79.3,77.5,-47.8,-0.8999999999999986,31.5,34.12453665817759,-2.6245366581775897
-71.1,0.8660254037844387,-0.4999999999999998,-0.2817325568414321,-0.9594929736144968,51.1,48.6,75.0,-44.7,-47.2,3.9,16.37816971863091,-12.47816971863091
9.6,0.8660254037844386,0.5000000000000001,-0.989821441880932,-0.1423148382732903,5.5,14.5,1.4,-3.5,5.5,11.0,10.278992440547805,0.721007559452195
18.6,-0.8660254037844386,0.5000000000000001,-0.7557495743542515,-0.6548607339452929,24.5,9.2,10.5,19.900000000000002,4.600000000000001,29.1,30.192604224855273,-1.0926042248552719
-54.39999999999998,-0.8660254037844385,-0.5000000000000004,-0.9096319953545184,0.4154150130018866,143.3,186.7,,-43.39999999999998,0.0,143.3,140.248134060007,3.0518659399930073
18.7,0.8660254037844387,-0.4999999999999998,-0.7557495743542512,-0.6548607339452933,17.4,22.4,27.3,23.6,28.6,46.0,44.08342413343587,1.9165758665641306
81.8,-0.8660254037844386,0.5000000000000001,-0.5406408174556098,0.8412535328311733,157.4,114.5,88.7,56.0,13.099999999999994,170.5,173.90384757597718,-3.4038475759771814
84.0,1.2246467991473532e-16,-1.0,0.989821441880934,-0.1423148382732772,190.2,112.9,107.4,78.5,1.200000000000017,191.4,196.08023387830187,-4.680233878301863
38.4,1.2246467991473532e-16,-1.0,-0.5406408174556093,0.8412535328311735,34.6,15.3,1.6,24.7,5.399999999999999,40.0,37.36072253849787,2.6392774615021324
-110.9,-0.4999999999999997,-0.8660254037844388,-0.755749574354258,-0.6548607339452853,1.7,23.3,122.5,-11.700000000000001,9.9,11.6,12.475822169266344,-0.8758221692663444
39.9,-1.0,-1.8369701987210294e-16,-0.5406408174556093,0.8412535328311735,32.1,22.1,2.0,19.799999999999997,9.799999999999997,41.9,42.112540033007456,-0.21254003300745694
-83.3,0.4999999999999999,0.8660254037844387,-0.9096319953545232,0.4154150130018761,61.4,23.8,157.0,49.900000000000006,12.300000000000004,73.7,73.8159514133383,-0.11595141333829417
3.9,0.4999999999999999,-0.8660254037844387,-0.9096319953545222,0.4154150130018779,2.7,4.0,4.0,3.9000000000000004,5.2,7.9,6.568690661768417,1.3313093382315833
7.2,-0.5000000000000004,0.8660254037844384,-0.989821441880932,-0.1423148382732907,21.6,13.0,0.3,-5.5,-14.100000000000001,7.5,8.291398525274365,-0.7913985252743654
-69.5,1.0,6.123233995736766e-17,-0.5406408174556085,0.8412535328311741,45.4,0.9,101.6,31.200000000000003,-13.299999999999997,32.1,32.38554733147165,-0.2855473314716477
108.3,-2.4492935982947064e-16,1.0,9.312267518612591e-15,1.0,209.5,249.6,138.6,-2.6999999999999886,37.400000000000006,246.9,251.15364916880148,-4.2536491688014735
8.5,-0.4999999999999997,-0.8660254037844388,0.9898214418809328,-0.1423148382732849,85.3,134.4,80.0,-45.900000000000006,3.200000000000003,88.5,87.70077322797195,0.7992267720280495
34.7,-2.4492935982947064e-16,1.0,0.7557495743542612,-0.6548607339452818,63.3,117.9,36.3,-46.900000000000006,7.700000000000003,71.0,70.02289646068125,0.9771035393187475
-1.9000000000000004,-0.4999999999999997,-0.8660254037844388,-0.989821441880932,-0.1423148382732907,20.1,22.5,15.8,-8.6,-6.200000000000001,13.9,13.748877513042498,0.15112248695750274
-53.1,1.2246467991473532e-16,-1.0,-0.9096319953545192,0.4154150130018846,4.0,0.2,61.1,7.8,4.0,8.0,7.915152910539232,0.08484708946076758
-19.0,-1.0,-1.8369701987210294e-16,0.9898214418809328,-0.1423148382732844,79.6,91.8,112.5,1.7000000000000028,13.900000000000006,93.5,93.9606978266135,-0.46069782661349734
-6.599999999999994,0.4999999999999999,0.8660254037844387,0.2817325568414299,-0.9594929736144974,13.2,20.3,,15.900000000000002,23.000000000000004,36.2,34.638475188928794,1.5615248110712088
-136.20000000000002,-1.0,-1.8369701987210294e-16,0.909631995354522,0.4154150130018788,62.5,94.0,167.4,-62.8,-31.3,31.2,30.061308368303486,1.1386916316965134
-64.10000000000002,-0.5000000000000004,0.8660254037844384,0.5406408174555929,0.8412535328311842,151.5,178.4,193.3,-49.20000000000002,-22.30000000000001,129.2,127.70895062593536,1.4910493740646302
-128.90000000000003,-0.4999999999999997,-0.8660254037844388,-0.5406408174555982,0.8412535328311808,156.2,129.5,265.1,6.699999999999989,-20.0,136.2,134.7002515534438,1.4997484465561968
-10.299999999999995,-0.8660254037844385,-0.5000000000000004,-0.2817325568414242,-0.959492973614499,29.0,41.5,31.9,-19.9,-7.399999999999999,21.6,19.50483335180161,2.09516664819839
22.9,1.2246467991473532e-16,-1.0,-0.7557495743542515,-0.6548607339452929,34.5,13.5,0.4,9.8,-11.2,23.3,23.178931287937186,0.12106871206281511
-72.0,-0.5000000000000004,0.8660254037844384,0.9898214418809328,-0.1423148382732847,23.3,68.2,,-38.7,6.199999999999999,29.5,28.07498184448981,1.425018155510191
-30.3,-0.8660254037844385,-0.5000000000000004,0.2817325568414321,-0.9594929736144968,28.7,31.5,77.8,16.0,18.8,47.5,51.23001433343124,-3.7300143334312423
-108.8,-1.0,-1.8369701987210294e-16,0.909631995354516,0.4154150130018912,87.0,140.8,180.1,-69.50000000000001,-15.700000000000003,71.3,71.58914479722388,-0.28914479722388364
-94.6,0.4999999999999999,0.8660254037844387,0.9898214418809326,-0.1423148382732859,106.2,175.9,230.0,-40.5,29.200000000000003,135.4,134.200140575581,1.199859424419003
-34.599999999999994,-0.5000000000000004,0.8660254037844384,-0.989821441880932,-0.1423148382732898,8.5,18.3,49.3,-3.6000000000000014,6.199999999999999,14.7,14.205228996168751,0.4947710038312483
-42.60000000000001,-0.4999999999999997,-0.8660254037844388,-1.2738802633678828e-14,1.0,76.7,100.1,128.8,-13.899999999999991,9.5,86.2,84.50598002451936,1.6940199754806429
35.499999999999986,1.0,6.123233995736766e-17,0.540640817455597,0.8412535328311815,214.1,128.4,104.2,11.299999999999983,-74.4,139.7,126.8667712905362,12.833228709463782
-113.5,0.8660254037844387,-0.4999999999999998,-0.2817325568414263,-0.9594929736144984,91.9,90.9,158.3,-46.10000000000001,-47.10000000000001,44.8,44.024856128691276,0.7751438713087211
126.8,-0.8660254037844385,-0.5000000000000004,0.540640817455597,0.8412535328311815,241.8,145.0,102.7,84.5,-12.300000000000011,229.5,229.3536483544346,0.14635164556540303
131.79999999999998,1.0,6.123233995736766e-17,-0.9096319953545228,0.4154150130018765,175.6,7.3,35.9,160.39999999999998,-7.900000000000006,167.7,166.56281775386074,1.137182246139247
154.39999999999998,0.4999999999999999,0.8660254037844387,-0.540640817455604,0.8412535328311771,272.0,104.1,79.3,129.6,-38.30000000000001,233.7,238.51229470991387,-4.8122947099138855
31.30000000000001,0.4999999999999999,0.8660254037844387,0.7557495743542566,-0.654860733945287,108.0,75.8,96.1,51.60000000000001,19.400000000000006,127.4,127.17503430063239,0.22496569936761546
118.0,0.8660254037844387,-0.4999999999999998,0.540640817455597,0.8412535328311815,139.7,124.8,64.2,57.39999999999999,42.5,182.2,177.688767721328,4.511232278671997
-48.49999999999997,1.2246467991473532e-16,-1.0,-9.064862236236767e-15,1.0,170.5,142.2,263.4,72.70000000000002,44.400000000000006,214.9,207.26170784823447,7.63829215176554
40.1,-0.5000000000000004,0.8660254037844384,-0.2817325568414317,-0.9594929736144968,57.1,14.0,11.5,37.6,-5.5,51.6,49.86077364210785,1.73922635789215
3.0,0.4999999999999999,0.8660254037844387,-0.9096319953545196,0.4154150130018837,29.0,19.7,4.5,-12.2,-21.5,7.5,8.036644610262345,-0.5366446102623446
4.4,0.4999999999999999,0.8660254037844387,-1.077936775504306e-14,1.0,27.5,0.8,4.7,8.299999999999999,-18.4,9.1,8.968214320644272,0.13178567935572794
-32.2,-0.5000000000000004,0.8660254037844384,0.2817325568414388,-0.9594929736144948,34.2,74.2,64.0,-42.400000000000006,-2.400000000000002,31.8,33.183286482382066,-1.383286482382065
-2.200000000000017,-0.5000000000000004,0.8660254037844384,-0.5406408174555929,0.8412535328311842,194.1,158.1,178.8,18.5,-17.5,176.6,174.61784157933513,1.9821584206648595
9.4,-0.4999999999999997,-0.8660254037844388,-0.9096319953545228,0.415415013001877,11.2,4.7,5.9,10.600000000000001,4.100000000000001,15.3,17.390049101586087,-2.090049101586086
19.5,0.8660254037844387,-0.4999999999999998,-0.989821441880932,-0.1423148382732907,14.4,23.6,7.3,3.1999999999999993,12.4,26.8,27.03940797750721,-0.23940797750720932
64.80000000000001,1.0,6.123233995736766e-17,-0.5406408174555924,0.8412535328311844,194.7,108.4,130.5,86.9,0.6000000000000227,195.3,194.905948047901,0.3940519520990051
-28.89999999999999,0.4999999999999999,0.8660254037844387,0.2817325568414312,-0.9594929736144968,98.5,160.0,109.1,-79.8,-18.299999999999997,80.2,82.9652358147754,-2.7652358147753944
-155.0,0.8660254037844386,0.5000000000000001,0.5406408174556077,0.8412535328311747,133.5,170.2,230.7,-94.49999999999999,-57.8,75.7,71.9625539286562,3.737446071343797
-9.5,0.8660254037844387,-0.4999999999999998,-0.989821441880932,-0.1423148382732903,13.1,26.3,9.7,-26.1,-12.9,0.2,2.364645482005738,-2.1646454820057377
-137.5,-0.4999999999999997,-0.8660254037844388,-2.266215559059192e-15,1.0,63.3,122.5,199.2,-60.8,-1.5999999999999943,61.7,60.63216635991412,1.0678336400858797
-45.0,-1.0,-1.8369701987210294e-16,0.755749574354262,-0.6548607339452807,31.5,90.1,117.7,-17.39999999999999,41.2,72.7,74.98993117377981,-2.289931173779806
-64.20000000000002,-0.8660254037844386,0.5000000000000001,-0.5406408174555987,0.8412535328311805,169.1,212.2,263.6,-12.799999999999983,30.30000000000001,199.4,197.19621668260666,2.203783317393345
-69.4,-1.0,-1.8369701987210294e-16,0.2817325568414388,-0.9594929736144948,77.8,117.7,109.8,-77.30000000000001,-37.4,40.4,40.00307025732357,0.3969297426764271
51.4,-0.8660254037844385,-0.5000000000000004,0.2817325568414366,-0.9594929736144954,87.2,75.3,44.4,20.5,8.599999999999994,95.8,97.39506243605447,-1.5950624360544765
-20.099999999999994,1.0,6.123233995736766e-17,0.9096319953545158,0.4154150130018921,66.7,128.7,74.6,-74.19999999999999,-12.200000000000003,54.5,54.8325981026051,-0.3325981026050968
187.0,0.8660254037844386,0.5000000000000001,-0.9898214418809326,-0.1423148382732863,191.2,182.2,,94.0,85.0,276.2,288.87600774726207,-12.676007747262076
-29.3,0.4999999999999999,0.8660254037844387,-0.2817325568414329,-0.9594929736144964,29.3,34.0,51.5,-11.8,-7.100000000000001,22.2,20.656209675267576,1.5437903247324236
5.300000000000011,0.8660254037844386,0.5000000000000001,0.989821441880933,-0.1423148382732835,143.9,258.0,129.0,-123.69999999999999,-9.599999999999994,134.3,131.90832227916763,2.3916777208323765
0.9000000000000021,1.2246467991473532e-16,-1.0,-0.7557495743542512,-0.6548607339452933,39.1,0.6,17.9,18.2,-20.3,18.8,17.378968514420922,1.4210314855790784
-1.0999999999999996,1.0,6.123233995736766e-17,-0.9096319953545194,0.4154150130018841,4.0,14.4,8.5,-7.0,3.4000000000000004,7.4,7.30223238099467,0.09776761900533071
-3.9000000000000057,-0.5000000000000004,0.8660254037844384,0.7557495743542569,-0.6548607339452867,90.1,83.9,139.0,51.19999999999999,45.0,135.1,130.4861269840654,4.613873015934587
-109.2,0.8660254037844387,-0.4999999999999998,-0.755749574354258,-0.6548607339452853,19.6,44.8,113.8,-40.199999999999996,-15.000000000000002,4.6,4.511973662231353,0.08802633776864699
17.5,-0.4999999999999997,-0.8660254037844388,-0.7557495743542524,-0.6548607339452918,34.1,15.0,5.0,7.5,-11.600000000000001,22.5,23.03127582964158,-0.5312758296415794
-53.89999999999999,-0.8660254037844386,0.5000000000000001,0.989821441880934,-0.1423148382732752,37.2,74.2,67.1,-61.0,-24.000000000000004,13.2,14.565129782840435,-1.3651297828404356
52.2,-2.4492935982947064e-16,1.0,-2.939152317953648e-15,1.0,108.9,54.3,78.8,76.7,22.099999999999994,131.0,129.41786375802002,1.5821362419799812
6.699999999999989,-0.5000000000000004,0.8660254037844384,0.540640817455592,0.8412535328311848,98.6,91.5,133.9,49.099999999999994,42.0,140.6,147.66569563607314,-7.065695636073144
-7.200000000000003,1.0,6.123233995736766e-17,-0.2817325568414232,-0.9594929736144991,16.7,30.9,24.1,-14.0,0.1999999999999993,16.9,14.632336257317931,2.2676637426820676
-44.29999999999998,0.8660254037844387,-0.4999999999999998,0.5406408174556077,0.8412535328311747,100.7,186.9,142.2,-89.0,-2.799999999999997,97.9,97.56827619269808,0.33172380730192685
65.50000000000003,0.8660254037844387,-0.4999999999999998,9.802126238271532e-15,1.0,270.0,248.0,212.1,29.600000000000023,7.600000000000023,277.6,270.2428682788918,7.357131721108203
7.700000000000001,1.2246467991473532e-16,-1.0,-0.9096319953545196,0.4154150130018837,5.3,9.8,7.6,5.5,10.0,15.3,15.484519372442392,-0.18451937244239147
-195.5,1.2246467991473532e-16,-1.0,0.540640817455592,0.8412535328311848,106.9,100.8,270.9,-25.39999999999999,-31.5,75.4,79.12162847234251,-3.721628472342502
-82.0,-2.4492935982947064e-16,1.0,0.9898214418809328,-0.1423148382732847,29.5,72.0,,-51.7,-9.2,20.3,19.268468780677846,1.0315312193221544
-39.50000000000001,-2.4492935982947064e-16,1.0,0.9096319953545128,0.4154150130018984,70.1,72.2,68.4,-43.300000000000004,-41.199999999999996,28.9,33.63722105781441,-4.737221057814409
52.8,1.2246467991473532e-16,-1.0,0.5406408174555974,0.8412535328311813,55.1,19.1,61.9,95.6,59.6,114.7,120.24310961092004,-5.543109610920041
-67.4,0.8660254037844386,0.5000000000000001,-0.5406408174556085,0.8412535328311741,40.1,1.6,112.8,43.8,5.299999999999997,45.4,40.864805497759875,4.535194502240124
41.8,1.2246467991473532e-16,-1.0,0.9096319953545172,0.4154150130018888,117.0,154.2,91.2,-21.19999999999999,16.0,133.0,134.60301982568478,-1.6030198256847825
9.700000000000005,-2.4492935982947064e-16,1.0,0.9096319953545172,0.4154150130018888,104.1,184.3,106.2,-68.4,11.800000000000011,115.9,114.83403941796918,1.0659605820308258
-107.5,-0.4999999999999997,-0.8660254037844388,-0.5406408174556019,0.8412535328311784,142.2,77.5,194.6,9.599999999999994,-55.099999999999994,87.1,79.02064079299468,8.07935920700531
8.099999999999994,0.4999999999999999,0.8660254037844387,0.9898214418809328,-0.1423148382732857,115.9,148.2,135.4,-4.699999999999989,27.599999999999994,143.5,136.74128235144346,6.758717648556541
-15.9,1.0,6.123233995736766e-17,0.2817325568414265,-0.9594929736144984,10.7,17.7,18.4,-15.2,-8.2,2.5,4.108666951414353,-1.608666951414353
-37.400000000000006,-0.5000000000000004,0.8660254037844384,0.909631995354516,0.4154150130018912,73.4,134.8,126.9,-45.30000000000001,16.099999999999994,89.5,87.95101974022205,1.5489802597779487
-70.70000000000002,0.8660254037844386,0.5000000000000001,-0.2817325568414263,-0.9594929736144984,51.5,83.6,163.3,9.0,41.099999999999994,92.6,90.5175149425329,2.082485057467096
-206.9,-0.8660254037844386,0.5000000000000001,-0.5406408174555982,0.8412535328311808,166.0,125.0,359.4,27.5,-13.5,152.5,155.22725655598822,-2.7272565559882196
4.699999999999999,0.4999999999999999,0.8660254037844387,-0.2817325568414232,-0.9594929736144991,29.6,39.4,22.6,-12.099999999999998,-2.3000000000000007,27.3,27.161262455797214,0.13873754420278672
40.9,-0.5000000000000004,0.8660254037844384,-0.7557495743542512,-0.6548607339452933,63.4,15.4,7.9,33.4,-14.600000000000001,48.8,48.305774745447174,0.4942252545528234
48.0,1.0,6.123233995736766e-17,0.28173255684143,-0.9594929736144971,89.5,126.0,77.9,-0.09999999999999432,36.400000000000006,125.9,122.44425990912421,3.4557400908757927
17.5,-0.8660254037844385,-0.5000000000000004,0.7557495743542566,-0.654860733945287,82.9,79.6,73.0,10.900000000000006,7.599999999999994,90.5,90.6406695264882,-0.14066952648819608
17.1,-0.8660254037844386,0.5000000000000001,-0.989821441880932,-0.14231483827329,18.7,13.9,8.4,11.6,6.800000000000001,25.5,27.632485359089955,-2.132485359089955
-6.4,-0.8660254037844385,-0.5000000000000004,0.2817325568414265,-0.9594929736144984,1.6,32.6,15.1,-23.900000000000002,7.1,8.7,7.9034102252640395,0.7965897747359598
-45.9,0.8660254037844386,0.5000000000000001,-0.7557495743542522,-0.6548607339452922,52.5,89.8,93.0,-42.699999999999996,-5.399999999999999,47.1,47.19720297657999,-0.097202976579986
-41.9,0.8660254037844386,0.5000000000000001,0.2817325568414388,-0.9594929736144948,57.9,84.8,74.3,-52.4,-25.5,32.4,30.231954325350337,2.1680456746496617
-60.0,-0.4999999999999997,-0.8660254037844388,-0.7557495743542587,-0.6548607339452845,200.0,235.8,255.0,-40.80000000000001,-5.0,195.0,195.3233240355124,-0.32332403551239963
65.5,-0.8660254037844386,0.5000000000000001,0.9898214418809328,-0.1423148382732854,53.3,13.3,13.2,65.4,25.400000000000006,78.7,83.56231755875739,-4.862317558757383
97.9,-0.8660254037844386,0.5000000000000001,9.312267518612591e-15,1.0,219.6,263.6,135.4,-30.30000000000001,13.700000000000017,233.3,224.57125942045855,8.728740579541466
57.80000000000001,-1.0,-1.8369701987210294e-16,0.9898214418809336,-0.1423148382732784,118.7,151.9,68.6,-25.5,7.700000000000003,126.4,127.30900481355432,-0.9090048135543185
20.2,1.2246467991473532e-16,-1.0,-0.2817325568414228,-0.9594929736144994,25.4,16.5,0.6,4.300000000000001,-4.599999999999998,20.8,22.386754983942733,-1.5867549839427326
62.8,0.8660254037844386,0.5000000000000001,0.909631995354514,0.4154150130018962,138.6,121.6,78.2,19.400000000000006,2.4000000000000057,141.0,141.54112570953984,-0.5411257095398412
137.2,-0.4999999999999997,-0.8660254037844388,-0.5406408174556098,0.8412535328311733,122.6,71.0,56.5,122.69999999999999,71.1,193.7,207.63329020570717,-13.93329020570718
10.199999999999989,-0.4999999999999997,-0.8660254037844388,4.901063119135766e-15,1.0,165.2,107.7,170.5,72.99999999999999,15.5,180.7,183.75654701637106,-3.05654701637107
47.2,0.4999999999999999,-0.8660254037844387,-0.9898214418809316,-0.1423148382732927,108.8,39.1,27.0,35.1,-34.599999999999994,74.2,80.17814340994512,-5.978143409945119
35.1,0.4999999999999999,0.8660254037844387,-0.2817325568414308,-0.959492973614497,56.2,76.1,24.4,-16.599999999999994,3.299999999999997,59.5,60.31469420288737,-0.8146942028873667
74.9,-0.4999999999999997,-0.8660254037844388,0.2817325568414317,-0.9594929736144968,99.6,112.5,36.5,-1.0999999999999943,11.800000000000011,111.4,112.73508502603042,-1.3350850260304128
80.29999999999998,-1.0,-1.8369701987210294e-16,-0.9898214418809316,-0.1423148382732927,139.4,42.2,62.4,100.49999999999999,3.299999999999983,142.7,142.00259861941134,0.6974013805886443
-85.1,-0.8660254037844386,0.5000000000000001,0.540640817455592,0.8412535328311848,96.1,107.3,183.7,-8.700000000000003,2.5,98.6,95.52877083244404,3.0712291675559555
141.7,-0.5000000000000004,0.8660254037844384,-0.9096319953545188,0.4154150130018855,158.6,50.9,25.0,115.79999999999998,8.099999999999994,166.7,168.66673382133166,-1.9667338213316725
2.299999999999997,-0.4999999999999997,-0.8660254037844388,0.9096319953545224,0.4154150130018774,98.5,87.2,89.3,4.3999999999999915,-6.900000000000006,91.6,93.27142454346999,-1.6714245434699961
61.4,-2.4492935982947064e-16,1.0,-0.9898214418809308,-0.142314838273299,126.3,11.3,47.4,97.5,-17.5,108.8,111.88112263350081,-3.0811226335008115
48.5,-0.5000000000000004,0.8660254037844384,0.7557495743542615,-0.6548607339452814,141.7,160.7,90.5,-21.69999999999999,-2.6999999999999886,139.0,137.10368685848,1.896313141520011
28.099999999999994,1.0,6.123233995736766e-17,0.9096319953545194,0.4154150130018841,198.6,139.7,116.1,4.5,-54.400000000000006,144.2,150.110927873028,-5.910927873028015
16.100000000000023,-0.8660254037844385,-0.5000000000000004,9.802126238271532e-15,1.0,271.0,223.7,267.4,59.80000000000001,12.5,283.5,264.17406361829785,19.32593638170215
4.799999999999997,-0.8660254037844386,0.5000000000000001,0.5406408174555974,0.8412535328311813,82.4,13.7,84.3,75.39999999999999,6.699999999999989,89.1,89.85450171198288,-0.7545017119828827
162.10000000000002,0.4999999999999999,-0.8660254037844387,-0.9898214418809326,-0.1423148382732863,241.7,398.2,,-164.89999999999998,-8.399999999999977,233.3,236.32024336971068,-3.02024336971067
106.9,0.4999999999999999,-0.8660254037844387,0.5406408174555982,0.8412535328311808,270.9,293.6,135.7,-51.00000000000003,-28.299999999999983,242.6,255.48065917812391,-12.88065917812392
-8.4,0.4999999999999999,0.8660254037844387,-0.9898214418809308,-0.142314838273298,9.6,44.0,14.0,-38.4,-4.0,5.6,5.898996693507313,-0.2989966935073136
-14.900000000000006,-0.5000000000000004,0.8660254037844384,0.9898214418809328,-0.1423148382732844,29.7,178.7,79.7,-113.89999999999999,35.099999999999994,64.8,64.09760009725032,0.7023999027496757
18.7,-0.5000000000000004,0.8660254037844384,-0.5406408174555908,0.8412535328311855,86.0,15.9,51.1,53.9,-16.200000000000003,69.8,69.14496193020676,0.6550380697932354
31.7,-0.8660254037844385,-0.5000000000000004,-0.2817325568414324,-0.9594929736144966,50.8,104.1,40.1,-32.3,21.0,71.8,70.55466753696963,1.2453324630303655
-46.7,1.2246467991473532e-16,-1.0,0.7557495743542606,-0.6548607339452823,102.1,159.7,124.3,-82.1,-24.5,77.6,78.90611512453911,-1.3061151245391187
0.0,-2.4492935982947064e-16,1.0,0.9898214418809328,-0.1423148382732849,60.9,126.5,78.6,-47.900000000000006,17.699999999999996,78.6,79.044257546911,-0.44425754691100394
-118.7,1.0,6.123233995736766e-17,0.909631995354522,0.4154150130018788,127.8,151.0,221.1,-48.599999999999994,-25.39999999999999,102.4,100.46304070652758,1.9369592934724267
-27.3,-2.4492935982947064e-16,1.0,0.2817325568414321,-0.9594929736144968,33.7,33.2,48.9,-11.600000000000001,-12.100000000000001,21.6,21.238739918717823,0.3612600812821789
-23.200000000000003,-0.5000000000000004,0.8660254037844384,0.7557495743542573,-0.6548607339452862,73.3,77.7,97.4,-3.5,0.9000000000000057,74.2,74.6376298826318,-0.43762988263179636
-119.0,-0.5000000000000004,0.8660254037844384,-0.909631995354519,0.415415013001885,77.1,14.7,178.6,44.900000000000006,-17.499999999999993,59.6,59.098253877797596,0.5017461222024053
-18.6,0.8660254037844386,0.5000000000000001,0.2817325568414265,-0.9594929736144984,6.8,26.4,29.3,-15.7,3.8999999999999995,10.7,10.418143488861574,0.28185651113842525
-106.5,-0.5000000000000004,0.8660254037844384,-0.5406408174555871,0.8412535328311879,76.5,139.1,194.1,-51.5,11.099999999999994,87.6,87.68838140766549,-0.0883814076654943
52.6,0.8660254037844386,0.5000000000000001,-0.9898214418809326,-0.1423148382732859,86.0,50.2,45.4,47.8,12.0,98.0,98.01210967222468,-0.012109672224681844
3.1000000000000085,-0.8660254037844386,0.5000000000000001,0.9096319953545128,0.4154150130018984,48.8,97.8,71.1,-23.599999999999994,25.400000000000006,74.2,74.81167064088241,-0.6116706408824086
-46.39999999999998,-2.4492935982947064e-16,1.0,-0.2817325568414289,-0.9594929736144976,157.8,290.0,262.2,-74.19999999999999,58.0,215.8,216.92901826541947,-1.129018265419461
-49.400000000000006,0.8660254037844387,-0.4999999999999998,0.540640817455592,0.8412535328311848,111.5,86.1,209.0,73.5,48.099999999999994,159.6,158.68746388243034,0.9125361175696582
13.199999999999989,0.8660254037844387,-0.4999999999999998,0.7557495743542617,-0.6548607339452811,138.9,181.9,87.9,-80.80000000000001,-37.80000000000001,101.1,98.16385168132034,2.936148318679656
60.2,1.0,6.123233995736766e-17,0.7557495743542584,-0.654860733945285,79.3,15.0,19.3,64.5,0.20000000000000284,79.5,79.60619266677436,-0.10619266677436201
-93.0,-2.4492935982947064e-16,1.0,-0.909631995354526,0.4154150130018699,133.6,99.8,272.0,79.2,45.400000000000006,179.0,173.9420690948105,5.057930905189494
-1.1000000000000014,1.2246467991473532e-16,-1.0,-0.9898214418809308,-0.1423148382732985,5.3,36.9,9.8,-28.2,3.3999999999999995,8.7,7.848599010804675,0.8514009891953247
18.1,-0.8660254037844385,-0.5000000000000004,-0.5406408174556036,0.8412535328311773,56.5,13.9,32.1,36.300000000000004,-6.299999999999997,50.2,48.8634447313341,1.3365552686659044
-82.80000000000001,1.2246467991473532e-16,-1.0,0.755749574354262,-0.6548607339452807,61.9,109.5,142.4,-49.9,-2.299999999999997,59.6,60.78594799590602,-1.1859479959060195
29.599999999999994,0.4999999999999999,-0.8660254037844387,0.9096319953545158,0.4154150130018921,75.3,112.5,59.2,-23.700000000000003,13.5,88.8,85.779514059502,3.0204859404979914
57.39999999999999,0.8660254037844387,-0.4999999999999998,0.7557495743542605,-0.6548607339452825,116.2,107.3,66.9,17.0,8.099999999999994,124.3,125.42228848261196,-1.122288482611964
211.6,-0.4999999999999997,-0.8660254037844388,0.2817325568414301,-0.9594929736144971,165.3,138.3,1.7,75.0,48.0,213.3,221.76829607851687,-8.468296078516858
-98.9,1.2246467991473532e-16,-1.0,3.921345679817883e-15,1.0,24.3,2.4,126.1,24.8,2.8999999999999986,27.2,29.255962462335976,-2.0559624623359767
3.5,1.0,6.123233995736766e-17,-3.429011037612589e-15,1.0,4.4,3.8,1.8,1.5,0.8999999999999995,5.3,5.180672658749883,0.11932734125011724
-30.3,-0.8660254037844386,0.5000000000000001,-0.9096319953545146,0.4154150130018949,120.1,33.6,156.0,92.1,5.6000000000000085,125.7,126.6502468630048,-0.9502468630047929
-59.99999999999999,0.4999999999999999,-0.8660254037844387,-0.5406408174556019,0.8412535328311784,74.6,99.9,185.7,25.799999999999997,51.10000000000001,125.7,127.60240298620336,-1.9024029862033558
37.5,0.8660254037844386,0.5000000000000001,-2.939152317953648e-15,1.0,115.2,36.9,88.6,89.19999999999999,10.899999999999991,126.1,121.98564348533593,4.114356514664067
-14.099999999999998,-0.5000000000000004,0.8660254037844384,-0.2817325568414242,-0.959492973614499,16.6,59.4,45.3,-28.2,14.599999999999998,31.2,31.348706856381785,-0.1487068563817857
-52.1,0.4999999999999999,0.8660254037844387,0.5406408174555917,0.841253532831185,76.2,13.9,104.7,38.7,-23.6,52.6,53.77739553064014,-1.1773955306401405
59.89999999999999,0.8660254037844386,0.5000000000000001,0.989821441880933,-0.142314838273283,87.0,111.8,65.4,13.5,38.3,125.3,119.89139302328408,5.408606976715916
-103.1,0.8660254037844386,0.5000000000000001,0.909631995354522,0.4154150130018788,81.4,230.7,230.9,-102.89999999999999,46.39999999999999,127.8,121.96781292057985,5.832187079420152
-45.39999999999999,-2.4492935982947064e-16,1.0,0.9096319953545192,0.4154150130018846,126.9,177.1,166.6,-55.89999999999999,-5.700000000000003,121.2,122.65899938968522,-1.4589993896852178
-13.5,-0.5000000000000004,0.8660254037844384,0.989821441880934,-0.1423148382732757,72.5,127.5,59.2,-81.8,-26.799999999999997,45.7,46.15507438168735,-0.4550743816873464
30.599999999999994,0.8660254037844387,-0.4999999999999998,0.7557495743542573,-0.6548607339452862,79.3,160.6,101.1,-28.900000000000006,52.39999999999999,131.7,128.53483023415393,3.165169765846059
21.700000000000003,1.0,6.123233995736766e-17,-0.5406408174556023,0.8412535328311781,99.9,44.0,66.3,44.0,-11.900000000000006,88.0,88.56183746374096,-0.5618374637409573
-13.299999999999995,-0.8660254037844385,-0.5000000000000004,0.5406408174556031,0.8412535328311775,87.2,63.3,116.0,39.400000000000006,15.5,102.7,103.04961908397046,-0.3496190839704525
-105.5,0.4999999999999999,0.8660254037844387,-0.7557495743542587,-0.6548607339452845,215.8,230.0,295.5,-40.0,-25.80000000000001,190.0,187.45875863258442,2.54124136741558
-58.29999999999998,0.8660254037844387,-0.4999999999999998,-0.909631995354526,0.4154150130018699,158.3,69.0,156.7,29.400000000000006,-59.900000000000006,98.4,96.45374493435072,1.9462550656492823
10.7,0.8660254037844386,0.5000000000000001,-0.989821441880933,-0.1423148382732835,1.3,11.8,3.5,2.3999999999999986,12.899999999999999,14.2,14.336713185314753,-0.13671318531475407
-8.100000000000009,0.4999999999999999,-0.8660254037844387,0.7557495743542605,-0.6548607339452825,124.3,118.9,112.4,-14.600000000000009,-20.0,104.3,105.21894979723585,-0.9189497972358538
-66.1,-0.5000000000000004,0.8660254037844384,-0.9096319953545188,0.4154150130018852,93.4,65.7,166.7,34.89999999999999,7.199999999999989,100.6,100.81765841972904,-0.2176584197290481
302.6,0.4999999999999999,0.8660254037844387,-1.7145055188062944e-15,1.0,343.8,147.6,10.8,165.79999999999998,-30.400000000000034,313.4,275.0600215818726,38.33997841812737
55.70000000000002,-0.4999999999999997,-0.8660254037844388,4.656133759306296e-15,1.0,226.3,98.8,165.2,122.10000000000001,-5.400000000000006,220.9,219.48929575215362,1.4107042478463825
-38.5,0.4999999999999999,-0.8660254037844387,0.9898214418809328,-0.1423148382732854,26.2,10.0,73.0,24.5,8.3,34.5,32.1172748451662,2.3827251548337998
-69.89999999999999,0.8660254037844387,-0.4999999999999998,-0.2817325568414312,-0.9594929736144968,116.9,86.3,94.6,-61.599999999999994,-92.2,24.7,54.09106384171868,-29.39106384171868
-72.69999999999999,-0.8660254037844386,0.5000000000000001,-0.9898214418809296,-0.1423148382733072,36.4,7.7,106.3,25.900000000000002,-2.799999999999997,33.6,35.2557282640001,-1.6557282640000963
99.2,-0.8660254037844385,-0.5000000000000004,0.2817325568414242,-0.959492973614499,65.8,90.5,51.7,60.400000000000006,85.10000000000001,150.9,155.39350831005424,-4.493508310054239
-124.3,-2.4492935982947064e-16,1.0,0.5406408174555917,0.841253532831185,63.4,76.2,215.4,14.899999999999991,27.699999999999996,91.1,92.79038373028445,-1.6903837302844522
-49.6,-0.4999999999999997,-0.8660254037844388,-0.9898214418809308,-0.1423148382732995,54.9,2.9,80.2,27.700000000000003,-24.299999999999997,30.6,30.07296673209035,0.5270332679096512
-49.70000000000002,-0.8660254037844385,-0.5000000000000004,0.5406408174555917,0.841253532831185,84.3,48.0,146.8,49.099999999999994,12.799999999999997,97.1,94.18051744040409,2.919482559595906
-2.0999999999999943,1.2246467991473532e-16,-1.0,0.7557495743542615,-0.6548607339452814,127.9,191.4,101.1,-92.4,-28.900000000000006,99.0,97.43819424498727,1.5618057550127276
14.4,0.4999999999999999,0.8660254037844387,-0.989821441880932,-0.1423148382732907,17.6,32.4,1.3,-16.7,-1.9000000000000021,15.7,15.771173012867745,-0.07117301286774591
2.0,-1.0,-1.8369701987210294e-16,0.2817325568414392,-0.9594929736144946,47.9,84.1,55.2,-26.89999999999999,9.300000000000004,57.2,57.401958696376155,-0.2019586963761526
-5.899999999999977,0.8660254037844386,0.5000000000000001,0.9096319953545172,0.4154150130018886,175.9,141.3,176.7,29.5,-5.099999999999994,170.8,168.85720101572028,1.942798984279733
-68.1,-2.4492935982947064e-16,1.0,-0.9096319953545292,0.4154150130018628,158.1,116.8,211.4,26.500000000000014,-14.799999999999983,143.3,147.5031461747437,-4.203146174743694
18.3,-0.8660254037844386,0.5000000000000001,-0.7557495743542524,-0.6548607339452918,14.0,57.1,3.4,-35.400000000000006,7.699999999999999,21.7,22.602809787740593,-0.9028097877405941
-85.5,-0.5000000000000004,0.8660254037844384,-0.2817325568414289,-0.9594929736144976,236.7,235.8,243.3,-78.0,-78.89999999999998,157.8,151.30263224293114,6.497367757068872
14.199999999999989,0.4999999999999999,0.8660254037844387,-0.2817325568414247,-0.9594929736144988,65.9,65.4,80.4,29.19999999999999,28.69999999999999,94.6,97.94048569916193,-3.340485699161931
-22.999999999999982,-2.4492935982947064e-16,1.0,-1.2738802633678828e-14,1.0,113.9,56.8,147.2,67.4,10.299999999999997,124.2,122.51591909507604,1.6840809049239596
30.200000000000003,-0.8660254037844385,-0.5000000000000004,-0.7557495743542579,-0.6548607339452855,35.2,19.6,9.5,20.1,4.5,39.7,37.46953384989525,2.2304661501047534
-22.3,0.4999999999999999,0.8660254037844387,-0.989821441880933,-0.1423148382732835,11.1,21.2,23.6,-19.9,-9.799999999999999,1.3,3.4871027733600513,-2.187102773360051
-102.7,0.4999999999999999,-0.8660254037844387,0.9898214418809352,-0.1423148382732684,27.4,78.8,132.5,-49.0,2.400000000000002,29.8,29.857332995284366,-0.05733299528436575
-18.5,1.0,6.123233995736766e-17,0.7557495743542656,-0.6548607339452767,119.7,145.8,101.4,-62.900000000000006,-36.8,82.9,81.88305053960286,1.016949460397143
-153.0,0.4999999999999999,-0.8660254037844387,-0.755749574354258,-0.6548607339452853,4.6,68.9,174.5,-47.400000000000006,16.9,21.5,19.810335979059932,1.689664020940068
23.0,1.2246467991473532e-16,-1.0,-0.7557495743542576,-0.6548607339452859,24.6,63.8,8.4,-32.4,6.799999999999997,31.4,31.40614346619811,-0.006143466198111014
56.80000000000001,0.4999999999999999,0.8660254037844387,0.5406408174555987,0.8412535328311805,265.8,265.2,241.5,33.10000000000002,32.5,298.3,279.6803790459641,18.619620954035895
-2.3999999999999986,-2.4492935982947064e-16,1.0,-0.7557495743542559,-0.6548607339452878,7.9,11.6,24.7,10.700000000000001,14.4,22.3,20.24922150230504,2.05077849769496
-12.9,0.8660254037844387,-0.4999999999999998,0.2817325568414388,-0.9594929736144948,31.5,131.7,54.6,-89.99999999999999,10.200000000000003,41.7,41.15895792638954,0.5410420736104626
-5.8,1.2246467991473532e-16,-1.0,-0.9096319953545222,0.4154150130018779,7.9,10.8,8.0,-8.600000000000001,-5.7,2.2,2.915370097486664,-0.7153700974866637
-55.9,-1.0,-1.8369701987210294e-16,-0.540640817455597,0.8412535328311815,3.8,9.7,68.5,2.9000000000000004,8.8,12.6,11.294134917069377,1.305865082930623
-76.2,-0.5000000000000004,0.8660254037844384,-0.2817325568414263,-0.9594929736144984,35.2,72.5,100.0,-48.7,-11.400000000000002,23.8,23.35975460045102,0.44024539954898145
62.1,-0.5000000000000004,0.8660254037844384,-0.9096319953545258,0.4154150130018703,114.5,17.9,14.5,58.699999999999996,-37.900000000000006,76.6,77.88259205062724,-1.282592050627244
-14.0,-2.4492935982947064e-16,1.0,0.9898214418809336,-0.1423148382732781,92.5,139.9,96.0,-57.900000000000006,-10.5,82.0,83.4261016986844,-1.4261016986844055
-42.1,-2.4492935982947064e-16,1.0,-0.755749574354258,-0.6548607339452853,9.8,45.8,58.7,-29.199999999999996,6.800000000000001,16.6,15.87061562165019,0.7293843783498115
8.5,-0.4999999999999997,-0.8660254037844388,0.9096319953545172,0.4154150130018892,183.3,171.8,167.5,4.199999999999989,-7.300000000000011,176.0,179.73250514184525,-3.7325051418452517
1.8000000000000045,-0.4999999999999997,-0.8660254037844388,0.7557495743542576,-0.6548607339452859,56.1,108.3,31.4,-75.1,-22.9,33.2,32.551464376181734,0.6485356238182689
23.10000000000001,-0.5000000000000004,0.8660254037844384,0.540640817455597,0.8412535328311815,208.2,192.3,100.8,-68.4,-84.29999999999998,123.9,118.68886057105043,5.211139428949579
22.200000000000003,-1.0,-1.8369701987210294e-16,-0.7557495743542512,-0.6548607339452933,47.9,5.1,20.0,37.1,-5.699999999999996,42.2,44.31263154235602,-2.11263154235602
-69.69999999999999,0.4999999999999999,0.8660254037844387,0.9096319953545172,0.415415013001889,181.7,156.6,188.2,-38.099999999999994,-63.19999999999999,118.5,126.0142548666459,-7.514254866645899
-1.7000000000000028,0.8660254037844387,-0.4999999999999998,0.9898214418809332,-0.142314838273282,54.1,75.3,39.6,-37.4,-16.200000000000003,37.9,40.49072385834335,-2.5907238583433525
-7.0,0.8660254037844386,0.5000000000000001,-0.9898214418809308,-0.1423148382732985,20.4,17.6,43.9,19.299999999999997,16.5,36.9,35.939353053483984,0.9606469465160146
25.100000000000023,0.8660254037844387,-0.4999999999999998,-0.9096319953545202,0.4154150130018824,170.4,108.8,141.2,57.500000000000014,-4.099999999999994,166.3,164.60759635257827,1.6924036474217417
-47.4,0.4999999999999999,-0.8660254037844387,-0.2817325568414321,-0.9594929736144968,3.9,19.2,55.9,-10.7,4.6,8.5,8.132674805751892,0.3673251942481084
-61.80000000000001,0.4999999999999999,0.8660254037844387,0.989821441880932,-0.1423148382732903,121.2,207.2,143.9,-125.1,-39.10000000000001,82.1,81.58387687416172,0.516123125838277
1.8000000000000045,0.8660254037844387,-0.4999999999999998,-0.5406408174555908,0.8412535328311855,17.2,2.7,32.4,31.500000000000004,17.000000000000004,34.2,32.34002916111467,1.8599708388853315
12.400000000000006,1.0,6.123233995736766e-17,0.7557495743542615,-0.6548607339452814,108.7,158.0,108.0,-37.599999999999994,11.700000000000003,120.4,121.44140766783975,-1.0414076678397493
7.0,-0.5000000000000004,0.8660254037844384,0.2817325568414397,-0.9594929736144944,0.7,14.0,17.9,10.899999999999999,24.2,24.9,27.645132374406067,-2.7451323744060687
-85.4,-0.8660254037844385,-0.5000000000000004,0.540640817455592,0.8412535328311848,75.7,97.3,152.9,-29.799999999999997,-8.200000000000003,67.5,66.91355123954335,0.5864487604566477
-78.2,0.4999999999999999,-0.8660254037844387,0.989821441880932,-0.1423148382732903,86.9,169.3,150.5,-97.00000000000001,-14.600000000000009,72.3,71.96643570997335,0.33356429002664356
-41.10000000000001,-2.4492935982947064e-16,1.0,0.9898214418809336,-0.1423148382732784,96.0,152.8,118.7,-75.20000000000002,-18.400000000000006,77.6,73.50981142009164,4.090188579908357
-129.6,-0.8660254037844386,0.5000000000000001,0.2817325568414293,-0.9594929736144976,63.2,149.5,206.7,-72.4,13.899999999999991,77.1,78.97290857483081,-1.8729085748308165
73.7,-1.0,-1.8369701987210294e-16,-0.9898214418809326,-0.1423148382732863,186.7,286.2,,-101.19999999999999,-1.6999999999999886,185.0,186.99537042746013,-1.9953704274601307
-0.5999999999999996,0.4999999999999999,-0.8660254037844387,-0.9898214418809308,-0.142314838273298,27.6,36.9,15.7,-21.799999999999997,-12.500000000000002,15.1,15.118596074525197,-0.01859607452519718
20.9,-0.8660254037844386,0.5000000000000001,-0.7557495743542576,-0.6548607339452859,13.9,32.5,5.9,-5.699999999999999,12.9,26.8,27.617422484864775,-0.8174224848647746
-102.1,-0.8660254037844386,0.5000000000000001,0.7557495743542603,-0.6548607339452828,60.9,91.7,149.5,-44.300000000000004,-13.5,47.4,47.07561915092037,0.32438084907963116
13.0,-0.4999999999999997,-0.8660254037844388,0.9898214418809328,-0.1423148382732854,43.8,10.0,47.5,50.5,16.700000000000003,60.5,60.7341288944896,-0.23412889448960073
103.20000000000002,-0.8660254037844385,-0.5000000000000004,0.9096319953545194,0.4154150130018841,275.6,229.5,89.6,-36.69999999999999,-82.80000000000001,192.8,210.5242031666031,-17.724203166603075
-77.5,0.4999999999999999,-0.8660254037844387,0.7557495743542672,-0.6548607339452748,21.6,29.8,96.9,-10.400000000000002,-2.200000000000003,19.4,18.068204374957272,1.3317956250427265
-1.2000000000000002,0.4999999999999999,-0.8660254037844387,-0.9898214418809318,-0.1423148382732917,0.4,23.6,5.3,-19.5,3.6999999999999997,4.1,4.0294066807383775,0.07059331926162216
-155.8,-1.0,-1.8369701987210294e-16,2.4517695208410603e-15,1.0,138.8,166.0,285.1,-36.69999999999999,-9.5,129.3,130.59129275298838,-1.2912927529883689
-12.6,0.4999999999999999,0.8660254037844387,-0.2817325568414251,-0.9594929736144988,21.7,49.8,29.6,-32.8,-4.699999999999999,17.0,16.9137554951037,0.08624450489629965
-20.800000000000004,0.4999999999999999,0.8660254037844387,0.9096319953545128,0.4154150130018984,72.2,133.5,81.4,-72.9,-11.600000000000001,60.6,59.77111103981021,0.8288889601897935
46.0,-0.4999999999999997,-0.8660254037844388,0.5406408174555961,0.8412535328311821,131.6,192.9,159.3,12.400000000000006,73.70000000000002,205.3,212.87741028514412,-7.577410285144111
29.89999999999999,-0.5000000000000004,0.8660254037844384,0.5406408174556031,0.8412535328311775,119.3,97.6,70.9,3.200000000000003,-18.5,100.8,104.890685304505,-4.090685304505001
-8.600000000000001,0.8660254037844386,0.5000000000000001,-0.2817325568414232,-0.9594929736144991,27.3,37.3,25.3,-20.599999999999998,-10.600000000000001,16.7,17.323674881588982,-0.6236748815889825
123.6,0.8660254037844387,-0.4999999999999998,0.7557495743542584,-0.654860733945285,79.5,26.2,18.7,116.10000000000001,62.80000000000001,142.3,147.6936420484825,-5.393642048482491
16.799999999999997,-0.5000000000000004,0.8660254037844384,-0.2817325568414232,-0.9594929736144991,13.6,35.9,11.1,-8.0,14.299999999999999,27.9,27.84820642336959,0.05179357663040918
209.3,1.0,6.123233995736766e-17,-1.7145055188062944e-15,1.0,292.6,163.7,15.0,60.60000000000002,-68.30000000000001,224.3,246.63859300250076,-22.338593002500744
16.30000000000001,-2.4492935982947064e-16,1.0,-0.5406408174555929,0.8412535328311842,176.6,143.3,197.1,70.1,36.80000000000001,213.4,201.95483843549448,11.445161564505526
-8.2,0.4999999999999999,-0.8660254037844387,-0.7557495743542573,-0.6548607339452862,8.5,33.4,19.9,-21.7,3.1999999999999993,11.7,11.0790469078229,0.6209530921770998
-13.5,0.4999999999999999,0.8660254037844387,-0.9096319953545224,0.4154150130018775,3.7,5.6,13.9,-5.199999999999999,-3.3000000000000003,0.4,1.7082424512206345,-1.3082424512206345
-27.2,-0.8660254037844385,-0.5000000000000004,-0.989821441880932,-0.1423148382732907,13.9,4.9,34.3,2.1999999999999993,-6.800000000000001,7.1,6.568356383301772,0.5316436166982275
-103.7,0.8660254037844386,0.5000000000000001,0.5406408174555969,0.8412535328311816,46.7,62.5,168.2,2.0,17.799999999999997,64.5,63.77893960091598,0.721060399084017
-138.89999999999998,0.4999999999999999,0.8660254037844387,2.4517695208410603e-15,1.0,155.5,172.5,286.7,-24.69999999999999,-7.699999999999989,147.8,142.8445274111035,4.955472588896498
-60.0,-0.8660254037844385,-0.5000000000000004,0.7557495743542569,-0.6548607339452867,117.1,139.6,169.6,-30.0,-7.5,109.6,111.12173843822391,-1.5217384382239203
-55.3,-0.4999999999999997,-0.8660254037844388,0.2817325568414388,-0.9594929736144948,52.0,87.2,111.4,-31.1,4.100000000000001,56.1,59.34201816625097,-3.242018166250972
45.7,1.0,6.123233995736766e-17,-0.2817325568414324,-0.9594929736144966,74.6,125.9,29.3,-50.900000000000006,0.4000000000000057,75.0,75.26899627876317,-0.26899627876316856
13.099999999999994,0.8660254037844387,-0.4999999999999998,-0.9096319953545188,0.4154150130018852,106.5,95.0,102.4,20.5,9.0,115.5,114.31459871364194,1.1854012863580579
-0.5999999999999996,-1.0,-1.8369701987210294e-16,-0.7557495743542524,-0.6548607339452918,4.9,58.1,14.6,-44.1,9.1,14.0,12.740453025661713,1.2595469743382868
-52.6,-0.4999999999999997,-0.8660254037844388,0.5406408174556023,0.8412535328311781,151.3,137.1,211.9,22.200000000000017,8.0,159.3,159.09484408605653,0.20515591394348576
-52.0,-2.4492935982947064e-16,1.0,-0.2817325568414263,-0.9594929736144984,23.8,48.3,97.8,-2.5,21.999999999999996,45.8,48.17550811630732,-2.375508116307323
26.9,1.0,6.123233995736766e-17,-0.7557495743542518,-0.6548607339452925,48.1,90.4,18.8,-44.7,-2.3999999999999986,45.7,49.80437501426105,-4.104375014261045
-49.80000000000001,-2.4492935982947064e-16,1.0,0.7557495743542606,-0.6548607339452823,71.6,77.6,127.9,0.5,6.5,78.1,77.55987616523588,0.5401238347641169
40.69999999999999,0.8660254037844386,0.5000000000000001,-0.540640817455604,0.8412535328311771,233.7,175.6,143.8,8.900000000000006,-49.19999999999999,184.5,186.72386122047834,-2.223861220478341
-56.400000000000006,-0.5000000000000004,0.8660254037844384,0.5406408174556019,0.8412535328311784,133.4,159.5,186.0,-29.900000000000006,-3.8000000000000114,129.6,128.68632685344,0.9136731465600008
36.19999999999999,0.8660254037844386,0.5000000000000001,-0.5406408174555924,0.8412535328311844,235.9,132.6,158.5,62.099999999999994,-41.20000000000002,194.7,193.22573666773243,1.4742633322675545
-65.4,-1.0,-1.8369701987210294e-16,0.9096319953545184,0.4154150130018865,21.2,84.2,,-35.400000000000006,27.599999999999998,48.8,46.70990339507789,2.0900966049221097
-43.10000000000002,1.0,6.123233995736766e-17,-9.064862236236767e-15,1.0,186.4,143.0,224.3,38.19999999999999,-5.200000000000017,181.2,181.1630069115094,0.0369930884905898
70.19999999999999,-0.5000000000000004,0.8660254037844384,0.7557495743542605,-0.6548607339452825,127.9,96.8,32.9,6.299999999999997,-24.80000000000001,103.1,107.24573360267578,-4.14573360267579
86.30000000000001,0.8660254037844387,-0.4999999999999998,0.5406408174556028,0.8412535328311779,134.3,212.1,182.2,56.400000000000006,134.2,268.5,239.00861865977166,29.491381340228344
16.9,-0.5000000000000004,0.8660254037844384,-0.9898214418809318,-0.1423148382732917,28.1,17.0,1.0,0.8999999999999986,-10.200000000000003,17.9,16.974970751872334,0.9250292481276645
-5.400000000000006,0.4999999999999999,-0.8660254037844387,-0.9096319953545232,0.4154150130018761,141.2,27.0,122.5,90.1,-24.099999999999994,117.1,117.40119627773659,-0.30119627773659374
-78.4,1.0,6.123233995736766e-17,0.9096319953545192,0.4154150130018846,149.9,263.0,223.0,-118.4,-5.300000000000011,144.6,143.39041698775378,1.2095830122462132
100.8,-0.4999999999999997,-0.8660254037844388,-0.9898214418809316,-0.1423148382732927,124.3,38.2,30.6,93.2,7.1000000000000085,131.4,128.24171296944473,3.1582870305552717
-12.799999999999995,-0.5000000000000004,0.8660254037844384,0.2817325568414366,-0.9594929736144954,80.5,103.1,67.5,-48.39999999999999,-25.799999999999997,54.7,54.34159148031598,0.3584085196840263
-85.2,1.2246467991473532e-16,-1.0,-0.989821441880932,-0.1423148382732898,12.4,8.4,95.0,1.4000000000000004,-2.5999999999999996,9.8,9.198529118444299,0.6014708815557022
104.9,1.2246467991473532e-16,-1.0,-0.9096319953545228,0.4154150130018765,193.4,45.2,60.2,119.89999999999999,-28.30000000000001,165.1,170.66422492075097,-5.5642249207509735
6.800000000000001,-2.4492935982947064e-16,1.0,-0.7557495743542512,-0.6548607339452933,48.8,5.8,22.3,23.3,-19.699999999999996,29.1,28.85529923511273,0.24470076488726988
-135.1,0.4999999999999999,-0.8660254037844387,0.9096319953545172,0.4154150130018886,102.9,229.4,224.7,-139.8,-13.300000000000011,89.6,87.90607843534261,1.693921564657387
6.5,-2.4492935982947064e-16,1.0,0.989821441880933,-0.1423148382732835,77.7,166.6,70.2,-89.89999999999999,-1.0,76.7,74.18414546574377,2.515854534256235
35.7,-1.0,-1.8369701987210294e-16,-0.2817325568414326,-0.9594929736144964,30.1,63.7,6.9,-21.1,12.5,42.6,41.11969937077485,1.4803006292251482
-46.80000000000001,0.4999999999999999,-0.8660254037844387,0.989821441880933,-0.1423148382732835,160.6,150.4,197.3,0.09999999999999432,-10.099999999999994,150.5,152.17148226835556,-1.671482268355561
-1.5,-0.4999999999999997,-0.8660254037844388,-0.9096319953545196,0.4154150130018837,15.3,18.3,7.4,-12.4,-9.4,5.9,6.314581952383193,-0.41458195238319284
-19.0,-2.4492935982947064e-16,1.0,0.2817325568414364,-0.9594929736144954,67.5,64.8,48.3,-35.5,-38.2,29.3,29.162648350051942,0.1373516499480587
41.30000000000001,-1.0,-1.8369701987210294e-16,-0.2817325568414289,-0.9594929736144976,226.7,262.2,193.7,-27.19999999999999,8.300000000000011,235.0,230.71826547723643,4.281734522763571
-86.9,-2.4492935982947064e-16,1.0,0.2817325568414312,-0.9594929736144968,69.9,98.5,144.9,-40.5,-11.900000000000006,58.0,59.301329292530205,-1.3013292925302054
11.699999999999989,-0.5000000000000004,0.8660254037844384,0.5406408174556028,0.8412535328311779,192.9,181.3,123.9,-45.70000000000002,-57.30000000000001,135.6,142.46205006447323,-6.862050064473237
10.5,-0.8660254037844385,-0.5000000000000004,-0.2817325568414326,-0.9594929736144964,35.5,95.8,19.6,-65.69999999999999,-5.399999999999999,30.1,28.334268923287848,1.7657310767121537
-0.7999999999999998,1.0,6.123233995736766e-17,-0.5406408174556093,0.8412535328311735,8.5,5.5,3.8,-2.5,-5.5,3.0,2.80429027169112,0.19570972830887978
-93.1,0.8660254037844387,-0.4999999999999998,-0.9898214418809296,-0.1423148382733072,24.0,0.6,103.5,9.8,-13.6,10.4,10.35617176920855,0.043828230791449485
75.39999999999999,0.4999999999999999,-0.8660254037844387,-0.9898214418809326,-0.1423148382732859,93.6,74.0,74.2,75.6,56.0,149.6,137.4926270846599,12.107372915340108
32.099999999999994,0.4999999999999999,-0.8660254037844387,0.989821441880934,-0.1423148382732752,38.7,72.8,29.8,-10.899999999999999,23.199999999999996,61.9,59.862655668785884,2.037344331214115
82.89999999999999,1.2246467991473532e-16,-1.0,-0.9898214418809326,-0.1423148382732859,149.6,90.5,124.3,116.69999999999999,57.599999999999994,207.2,205.67911846186507,1.5208815381349154
-5.399999999999977,1.0,6.123233995736766e-17,0.5406408174556028,0.8412535328311779,122.0,183.8,139.7,-49.5,12.300000000000011,134.3,138.80147486389941,-4.5014748638994035
78.29999999999998,0.4999999999999999,0.8660254037844387,9.312267518612591e-15,1.0,249.6,235.9,147.8,-9.800000000000011,-23.5,226.1,217.65764881996475,8.442351180035246
223.3,-2.4492935982947064e-16,1.0,0.2817325568414301,-0.9594929736144971,235.8,187.8,66.7,102.19999999999999,54.19999999999999,290.0,283.72513841125544,6.274861588744557
-133.9,1.2246467991473532e-16,-1.0,0.2817325568414293,-0.9594929736144976,63.4,200.0,189.5,-144.4,-7.799999999999997,55.6,55.25326423166812,0.34673576833188235
41.6,1.0,6.123233995736766e-17,0.9898214418809336,-0.1423148382732781,178.4,147.5,122.4,16.5,-14.400000000000006,164.0,163.861540989358,0.13845901064200916
115.20000000000002,-0.5000000000000004,0.8660254037844384,-0.9898214418809316,-0.1423148382732927,156.5,48.8,41.6,108.00000000000001,0.30000000000001137,156.8,149.22174877887167,7.57825122112834
-57.7,-0.4999999999999997,-0.8660254037844388,0.909631995354516,0.4154150130018912,70.7,159.3,172.4,-44.60000000000001,44.0,114.7,112.79205888141507,1.9079411185849295
-1.5999999999999996,0.4999999999999999,-0.8660254037844387,-0.989821441880932,-0.1423148382732912,18.3,37.0,15.0,-23.6,-4.9,13.4,12.798111598581654,0.6018884014183463
12.599999999999994,0.8660254037844387,-0.4999999999999998,0.9096319953545194,0.4154150130018841,144.2,182.2,155.8,-13.799999999999983,24.200000000000017,168.4,172.3835115891321,-3.9835115891320925
3.4000000000000004,-0.5000000000000004,0.8660254037844384,0.2817325568414265,-0.9594929736144984,4.9,5.7,1.5,-0.7999999999999998,0.0,4.9,3.2993730850271623,1.600626914972838
-29.40000000000001,-1.0,-1.8369701987210294e-16,0.9898214418809352,-0.1423148382732684,34.3,31.2,69.9,9.3,6.200000000000003,40.5,37.99528120116326,2.504718798836741
-151.3,-1.0,-1.8369701987210294e-16,0.5406408174556019,0.8412535328311784,91.9,168.9,245.3,-74.9,2.0999999999999943,94.0,95.69195659694536,-1.69195659694536
-6.0,0.8660254037844387,-0.4999999999999998,-0.7557495743542573,-0.6548607339452862,13.1,11.6,14.5,-3.0999999999999996,-4.6,8.5,9.186595537809927,-0.6865955378099269
40.8,0.8660254037844386,0.5000000000000001,-0.2817325568414291,-0.9594929736144976,75.0,19.3,,41.5,-14.200000000000003,60.8,61.44195146949327,-0.6419514694932715
-4.800000000000004,0.4999999999999999,-0.8660254037844387,0.2817325568414392,-0.9594929736144946,57.5,60.3,61.1,-4.0,-1.2000000000000028,56.3,56.42977497347295,-0.12977497347295497
137.4,1.2246467991473532e-16,-1.0,0.2817325568414312,-0.9594929736144968,146.9,99.0,47.9,86.30000000000001,38.400000000000006,185.3,190.67918760706914,-5.379187607069127
3.900000000000002,-1.0,-1.8369701987210294e-16,-0.7557495743542528,-0.6548607339452914,10.5,16.6,24.2,11.5,17.6,28.1,26.58079978845557,1.5192002115444332
-13.0,0.8660254037844386,0.5000000000000001,0.2817325568414397,-0.9594929736144944,13.3,45.8,20.7,-38.099999999999994,-5.6000000000000005,7.7,7.909636199489203,-0.20963619948920265
-95.1,-0.8660254037844385,-0.5000000000000004,0.2817325568414293,-0.9594929736144976,75.4,171.7,186.7,-80.1,16.19999999999999,91.6,92.5692168254138,-0.9692168254138096
27.30000000000001,0.4999999999999999,-0.8660254037844387,-0.9096319953545188,0.4154150130018852,115.5,79.7,72.6,20.200000000000003,-15.599999999999994,99.9,95.19981563517263,4.700184364827379
-67.30000000000001,0.4999999999999999,0.8660254037844387,0.5406408174556028,0.8412535328311779,164.9,163.7,220.9,-10.099999999999994,-11.300000000000011,153.6,154.548458353996,-0.948458353996017
-2.700000000000001,-0.8660254037844386,0.5000000000000001,-0.7557495743542528,-0.6548607339452914,28.1,23.9,13.9,-12.7,-16.900000000000002,11.2,10.49956108295053,0.7004389170494694
130.70000000000002,0.4999999999999999,-0.8660254037844387,4.656133759306296e-15,1.0,266.9,173.4,162.9,120.20000000000002,26.700000000000045,293.6,288.56472137933906,5.035278620660961
37.60000000000001,1.2246467991473532e-16,-1.0,-1.8129724472473532e-14,1.0,90.9,76.2,79.1,40.5,25.799999999999997,116.7,117.59166663552521,-0.8916666355252119
17.0,-0.8660254037844386,0.5000000000000001,0.2817325568414366,-0.9594929736144954,63.7,127.9,63.5,-47.400000000000006,16.799999999999997,80.5,81.07323146813631,-0.5732314681363135
24.599999999999994,0.8660254037844387,-0.4999999999999998,-0.7557495743542556,-0.6548607339452881,82.0,23.0,46.0,47.599999999999994,-11.400000000000006,70.6,69.27630532156971,1.3236946784302859
-73.4,0.8660254037844386,0.5000000000000001,0.9898214418809328,-0.1423148382732844,75.8,143.0,125.7,-90.7,-23.5,52.3,52.12252588793448,0.17747411206551789
12.599999999999994,-0.5000000000000004,0.8660254037844384,-9.064862236236767e-15,1.0,220.6,231.5,178.4,-40.5,-29.599999999999994,191.0,193.42766694152004,-2.4276669415200445
122.0,-2.4492935982947064e-16,1.0,0.989821441880934,-0.1423148382732772,160.7,88.3,93.5,127.2,54.80000000000001,215.5,219.38547145612498,-3.885471456124975
49.7,-2.4492935982947064e-16,1.0,-0.2817325568414228,-0.9594929736144994,50.4,14.0,5.8,41.5,5.100000000000001,55.5,53.69826396284797,1.8017360371520326
65.2,-0.8660254037844385,-0.5000000000000004,-0.9096319953545188,0.4154150130018855,99.6,6.6,33.3,91.9,-1.0999999999999943,98.5,96.71195729477972,1.7880427052202776
-22.099999999999994,-0.4999999999999997,-0.8660254037844388,-0.9096319953545188,0.4154150130018852,108.4,51.0,99.6,26.5,-30.900000000000006,77.5,81.69129895826468,-4.191298958264682
-22.099999999999994,0.4999999999999999,-0.8660254037844387,0.9898214418809336,-0.1423148382732781,127.1,179.5,102.1,-99.5,-47.099999999999994,80.0,78.80531542387575,1.1946845761242457
-37.2,0.4999999999999999,-0.8660254037844387,-0.9898214418809308,-0.1423148382732995,19.0,18.2,64.2,8.8,8.0,27.0,27.66717629954493,-0.6671762995449306
-14.1,0.4999999999999999,0.8660254037844387,-0.7557495743542569,-0.6548607339452867,90.2,94.6,58.1,-50.599999999999994,-46.2,44.0,39.153081701024085,4.846918298975915
33.2,-0.8660254037844386,0.5000000000000001,0.989821441880933,-0.142314838273283,90.7,73.4,53.7,13.5,-3.799999999999997,86.9,86.35349933325044,0.5465006667495658
-60.8,1.0,6.123233995736766e-17,0.9898214418809336,-0.1423148382732784,122.4,192.0,143.5,-109.3,-39.7,82.7,82.94295709306795,-0.24295709306794322
80.5,-0.8660254037844386,0.5000000000000001,0.7557495743542605,-0.6548607339452825,71.2,118.7,47.4,9.200000000000003,56.7,127.9,122.50338135828451,5.3966186417154915
10.0,0.8660254037844387,-0.4999999999999998,-0.9898214418809308,-0.142314838273298,13.0,14.1,17.6,13.500000000000002,14.600000000000001,27.6,26.53890749038911,1.0610925096108907
-15.599999999999994,0.4999999999999999,-0.8660254037844387,-9.064862236236767e-15,1.0,178.6,125.7,186.1,44.8,-8.099999999999994,170.5,168.08759049304155,2.412409506958454
-58.69999999999999,1.0,6.123233995736766e-17,0.909631995354516,0.4154150130018912,111.8,145.7,144.6,-59.79999999999998,-25.89999999999999,85.9,86.70393375582722,-0.8039337558272166
-8.5,0.8660254037844386,0.5000000000000001,-0.5406408174555908,0.8412535328311855,22.5,1.1,45.4,35.8,14.399999999999999,36.9,34.573245530804556,2.3267544691954427
49.6,1.2246467991473532e-16,-1.0,-0.5406408174555929,0.8412535328311842,142.1,188.0,153.3,14.900000000000006,60.80000000000001,202.9,206.7617598970543,-3.8617598970542986
-33.1,-2.4492935982947064e-16,1.0,-0.2817325568414321,-0.9594929736144968,16.6,16.5,46.7,-2.9000000000000004,-3.0000000000000018,13.6,11.936509715425895,1.6634902845741042
-33.099999999999994,0.4999999999999999,-0.8660254037844387,-0.5406408174555929,0.8412535328311842,161.7,165.9,175.2,-23.80000000000001,-19.599999999999994,142.1,144.15505682524343,-2.0550568252434402
136.1,-2.4492935982947064e-16,1.0,-0.540640817455604,0.8412535328311771,298.6,272.0,202.9,67.0,40.39999999999998,339.0,297.4991989764256,41.50080102357441
-37.29999999999998,-0.5000000000000004,0.8660254037844384,-1.2738802633678828e-14,1.0,114.4,87.6,151.2,26.30000000000001,-0.5,113.9,109.85807828069977,4.041921719300234
-85.3,1.2246467991473532e-16,-1.0,0.909631995354516,0.4154150130018912,81.5,151.3,156.0,-80.60000000000001,-10.799999999999997,70.7,72.80356873905471,-2.103568739054708
15.2,-0.8660254037844386,0.5000000000000001,-0.2817325568414326,-0.9594929736144964,42.6,80.5,8.9,-56.4,-18.5,24.1,24.67219242338155,-0.5721924233815479
-57.6,0.8660254037844386,0.5000000000000001,3.921345679817883e-15,1.0,13.9,6.4,86.0,22.0,14.499999999999998,28.4,28.438652815857704,-0.03865281585770575
-70.9,-0.8660254037844386,0.5000000000000001,0.5406408174555969,0.8412535328311816,30.0,38.7,84.2,-25.400000000000002,-16.7,13.3,12.290069397522139,1.009930602477862
6.9,0.4999999999999999,-0.8660254037844387,-0.9096319953545224,0.4154150130018775,7.6,27.6,0.5,-20.200000000000003,-0.1999999999999993,7.4,6.966924027060333,0.43307597293966715
27.5,-0.8660254037844385,-0.5000000000000004,-0.9898214418809318,-0.1423148382732917,8.5,32.3,0.4,-4.399999999999999,19.4,27.9,30.429529340952364,-2.529529340952365
-42.6,-1.0,-1.8369701987210294e-16,-0.989821441880932,-0.1423148382732898,11.3,0.7,51.0,7.7,-2.9000000000000004,8.4,8.482135811290291,-0.08213581129029102
-4.299999999999997,-0.4999999999999997,-0.8660254037844388,0.2817325568414308,-0.959492973614497,18.9,75.2,50.4,-29.1,27.200000000000003,46.1,45.13857006528617,0.9614299347138342
-5.1,-2.4492935982947064e-16,1.0,-0.2817325568414087,-0.9594929736145036,0.5,3.1,6.6,-1.6,1.0,1.5,2.087900570287858,-0.5879005702878581
14.599999999999994,-1.0,-1.8369701987210294e-16,0.5406408174555896,0.8412535328311863,106.9,54.5,115.4,75.5,23.099999999999994,130.0,131.0132442539494,-1.0132442539494093
23.500000000000007,1.2246467991473532e-16,-1.0,-0.5406408174555908,0.8412535328311855,68.5,2.2,56.9,78.2,11.900000000000006,80.4,79.4997267442791,0.9002732557209043
30.0,-2.4492935982947064e-16,1.0,0.5406408174555896,0.8412535328311863,103.6,124.2,82.9,-11.299999999999997,9.300000000000011,112.9,109.45849266186299,3.441507338137015
-35.3,0.8660254037844387,-0.4999999999999998,-0.7557495743542566,-0.654860733945287,18.8,52.0,54.0,-33.3,-0.10000000000000142,18.7,20.020618218163442,-1.3206182181634425
-44.900000000000006,-2.4492935982947064e-16,1.0,0.909631995354518,0.4154150130018875,28.3,17.5,68.2,5.800000000000001,-5.0,23.3,23.5740509507993,-0.27405095079929964
-13.400000000000006,0.8660254037844387,-0.4999999999999998,0.28173255684143,-0.9594929736144971,125.9,77.1,81.5,-9.0,-57.80000000000001,68.1,68.17371885330881,-0.07371885330881867
-79.9,0.8660254037844387,-0.4999999999999998,-0.5406408174555871,0.8412535328311879,86.6,76.1,165.8,9.800000000000011,-0.6999999999999886,85.9,82.9661838161914,2.9338161838086023
-13.0,-2.4492935982947064e-16,1.0,0.9096319953545224,0.4154150130018774,112.1,132.4,88.3,-57.10000000000001,-36.8,75.3,76.24555961845194,-0.9455596184519379
-16.499999999999996,0.4999999999999999,0.8660254037844387,-0.9898214418809308,-0.1423148382732995,22.3,11.9,40.3,11.9,1.5,23.8,21.495677706823965,2.3043222931760354
90.3,0.4999999999999999,-0.8660254037844387,0.2817325568414312,-0.9594929736144968,86.3,127.9,56.6,19.0,60.60000000000001,146.9,135.26184106191715,11.638158938082853
-15.6,1.2246467991473532e-16,-1.0,-0.2817325568414293,-0.9594929736144976,4.6,21.3,20.8,-16.1,0.6000000000000005,5.2,3.7954666846769345,1.4045333153230657
-12.099999999999998,-2.4492935982947064e-16,1.0,-0.7557495743542577,-0.6548607339452857,7.9,53.5,17.9,-47.7,-2.1000000000000005,5.8,6.625945682599966,-0.8259456825999658
-14.399999999999991,1.0,6.123233995736766e-17,0.755749574354262,-0.6548607339452807,71.7,75.2,79.3,-10.299999999999997,-6.799999999999997,64.9,64.43242912193053,0.4675708780694805
-53.3,1.2246467991473532e-16,-1.0,0.7557495743542594,-0.6548607339452839,6.5,85.5,,-65.0,14.0,20.5,20.452700957443344,0.047299042556655735
43.400000000000006,-2.4492935982947064e-16,1.0,0.2817325568414299,-0.9594929736144974,58.3,13.2,,53.5,8.400000000000006,66.7,67.25654793453836,-0.5565479345383579
12.599999999999994,-0.8660254037844385,-0.5000000000000004,0.9898214418809328,-0.1423148382732857,68.6,117.0,96.4,-8.0,40.400000000000006,109.0,111.51814178365943,-2.5181417836594306
-81.0,-2.4492935982947064e-16,1.0,-0.7557495743542415,-0.6548607339453044,6.9,6.6,97.3,9.700000000000001,9.4,16.3,14.830837299101063,1.4691627008989379
-36.0,-0.5000000000000004,0.8660254037844384,0.989821441880933,-0.1423148382732835,87.0,203.2,113.7,-125.49999999999999,-9.299999999999997,77.7,77.29981610664758,0.4001838933524198
-50.8,0.4999999999999999,-0.8660254037844387,0.7557495743542594,-0.6548607339452839,18.7,73.0,,-66.5,-12.2,6.5,7.263562722851558,-0.7635627228515576
-4.299999999999999,1.0,6.123233995736766e-17,-0.989821441880932,-0.1423148382732903,11.0,19.9,17.4,-6.799999999999999,2.0999999999999996,13.1,12.089385763024394,1.0106142369756057
38.6,0.4999999999999999,0.8660254037844387,0.9096319953545192,0.4154150130018846,177.1,307.7,168.6,-100.5,30.099999999999994,207.2,197.88004014808692,9.319959851913069
42.900000000000006,-0.8660254037844385,-0.5000000000000004,-0.2817325568414232,-0.9594929736144991,40.4,47.9,13.8,8.800000000000004,16.300000000000004,56.7,53.33709076444287,3.362909235557133
-24.0,0.8660254037844386,0.5000000000000001,0.7557495743542612,-0.6548607339452818,48.4,112.0,119.7,-16.299999999999997,47.300000000000004,95.7,95.5515276920795,0.1484723079204997
-125.5,-1.0,-1.8369701987210294e-16,-0.5406408174555977,0.8412535328311811,110.0,156.2,,-71.19999999999999,-25.0,85.0,85.96741271859065,-0.9674127185906514
2.299999999999997,-0.8660254037844385,-0.5000000000000004,0.7557495743542606,-0.6548607339452823,62.0,118.7,89.0,-27.400000000000006,29.299999999999997,91.3,91.11293587198332,0.18706412801667227
-58.6,0.4999999999999999,0.8660254037844387,-0.5406408174556085,0.8412535328311741,12.2,0.9,98.7,39.2,27.900000000000002,40.1,39.73440925686946,0.3655907431305394
51.1,0.8660254037844387,-0.4999999999999998,-0.9096319953545192,0.4154150130018848,44.0,9.7,10.0,51.400000000000006,17.1,61.1,62.19424627280655,-1.0942462728065507
-3.7,-0.5000000000000004,0.8660254037844384,-0.2817325568414087,-0.9594929736145036,0.4,4.9,4.2,-4.4,0.09999999999999998,0.5,1.0168309410857854,-0.5168309410857854
63.1,0.4999999999999999,-0.8660254037844387,0.7557495743542573,-0.6548607339452862,131.7,150.5,90.6,3.1999999999999886,22.0,153.7,156.83820730534245,-3.138207305342462
2.0,0.4999999999999999,-0.8660254037844387,0.9096319953545184,0.4154150130018865,54.8,63.3,,5.200000000000003,13.700000000000003,68.5,73.16710175476925,-4.667101754769249
-79.4,-0.8660254037844385,-0.5000000000000004,0.2817325568414303,-0.9594929736144971,20.9,102.3,103.8,-77.9,3.5,24.4,24.845668623038197,-0.4456686230381983
-19.800000000000004,-2.4492935982947064e-16,1.0,0.989821441880932,-0.1423148382732903,46.5,121.2,76.7,-64.30000000000001,10.399999999999999,56.9,56.40939574058851,0.4906042594114908
3.4000000000000004,1.0,6.123233995736766e-17,-0.2817325568414293,-0.9594929736144976,2.9,7.2,12.1,8.3,12.6,15.5,15.163004896787964,0.3369951032120362
3.3000000000000007,-0.5000000000000004,0.8660254037844384,-0.7557495743542518,-0.6548607339452925,13.0,51.3,13.7,-34.3,4.0,17.0,19.0539697182881,-2.0539697182881014
50.69999999999999,-0.8660254037844385,-0.5000000000000004,-0.5406408174555987,0.8412535328311805,191.1,232.0,201.4,20.099999999999994,61.0,252.1,252.6306826335665,-0.5306826335664994
-16.400000000000006,0.8660254037844387,-0.4999999999999998,0.5406408174555987,0.8412535328311805,182.7,178.6,211.1,16.099999999999994,12.0,194.7,193.9406717715639,0.7593282284360896
77.1,-0.5000000000000004,0.8660254037844384,9.312267518612591e-15,1.0,233.3,259.5,132.4,-50.0,-23.80000000000001,209.5,211.57257129199914,-2.0725712919991395
27.3,-0.5000000000000004,0.8660254037844384,0.7557495743542566,-0.654860733945287,109.1,64.8,75.2,37.7,-6.599999999999994,102.5,104.91468196808525,-2.4146819680852474
-21.4,1.2246467991473532e-16,-1.0,0.2817325568414364,-0.9594929736144954,41.4,92.8,55.6,-58.599999999999994,-7.199999999999996,34.2,31.865787600336397,2.334212399663606
-4.5,-1.0,-1.8369701987210294e-16,-0.7557495743542559,-0.6548607339452878,24.1,20.3,24.5,-0.3000000000000007,-4.100000000000001,20.0,19.25371394986348,0.7462860501365185
6.599999999999994,0.8660254037844386,0.5000000000000001,0.989821441880932,-0.1423148382732907,133.9,198.6,122.4,-69.6,-4.900000000000006,129.0,128.41507457946713,0.5849254205328691
-114.4,-2.4492935982947064e-16,1.0,-0.9898214418809326,-0.1423148382732859,188.3,119.2,231.2,-2.4000000000000057,-71.50000000000001,116.8,126.75109548662577,-9.951095486625775
1.6999999999999993,1.0,6.123233995736766e-17,-0.7557495743542515,-0.6548607339452929,20.8,24.1,15.8,-6.600000000000001,-3.3000000000000007,17.5,16.637480003385686,0.8625199966143136
84.79999999999998,0.4999999999999999,-0.8660254037844387,9.312267518612591e-15,1.0,232.2,190.3,169.9,64.39999999999998,22.5,254.7,255.61264274084294,-0.9126427408429549
15.4,-0.8660254037844386,0.5000000000000001,-0.2817325568414308,-0.959492973614497,28.7,77.2,16.6,-45.2,3.3000000000000007,32.0,32.26582459989296,-0.2658245998929587
13.899999999999991,0.8660254037844386,0.5000000000000001,-0.2817325568414312,-0.9594929736144968,85.3,132.5,75.9,-42.7,4.5,89.8,89.50589562264622,0.2941043773537757
11.400000000000006,-0.5000000000000004,0.8660254037844384,0.9096319953545136,0.4154150130018966,84.5,70.9,98.1,38.599999999999994,25.0,109.5,111.39026317047237,-1.890263170472366
-13.4,-2.4492935982947064e-16,1.0,0.9898214418809352,-0.1423148382732684,29.5,68.4,45.6,-36.2,2.700000000000003,32.2,32.569067706558194,-0.3690677065581909
-43.0,-0.8660254037844386,0.5000000000000001,0.2817325568414388,-0.9594929736144948,40.4,73.3,77.2,-39.099999999999994,-6.199999999999996,34.2,31.93881728010694,2.261182719893064
-109.79999999999998,0.4999999999999999,-0.8660254037844387,-0.2817325568414263,-0.9594929736144984,44.8,63.4,178.7,5.500000000000007,24.10000000000001,68.9,69.12125870959197,-0.22125870959196448
-137.3,1.2246467991473532e-16,-1.0,0.2817325568414383,-0.9594929736144948,61.4,119.9,185.3,-71.9,-13.399999999999999,48.0,48.479157019202404,-0.47915701920240394
46.7,1.0,6.123233995736766e-17,-0.2817325568414291,-0.9594929736144976,60.8,10.5,,54.5,4.200000000000003,65.0,65.68650862306464,-0.6865086230646398
-70.9,-0.4999999999999997,-0.8660254037844388,-0.989821441880932,-0.1423148382732898,9.8,17.3,79.7,-8.5,-1.0,8.8,8.261438060409793,0.5385619395902079
14.2,-0.8660254037844385,-0.5000000000000004,-0.7557495743542576,-0.6548607339452859,17.6,71.8,10.0,-47.599999999999994,6.599999999999998,24.2,23.66756603234333,0.5324339676566687
4.6,-1.0,-1.8369701987210294e-16,-0.7557495743542573,-0.6548607339452862,4.6,12.4,10.0,2.1999999999999993,10.0,14.6,15.477900253402991,-0.8779002534029914
89.8,1.2246467991473532e-16,-1.0,-0.2817325568414291,-0.9594929736144976,133.8,31.7,,102.8,0.6999999999999886,134.5,133.53128064299855,0.9687193570014472
21.700000000000003,-1.0,-1.8369701987210294e-16,-0.2817325568414247,-0.9594929736144988,38.5,144.9,43.0,-80.2,26.200000000000003,64.7,59.249790934327514,5.450209065672489
-143.6,-0.4999999999999997,-0.8660254037844388,0.7557495743542603,-0.6548607339452828,92.8,101.0,195.0,-49.6,-41.4,51.4,48.57813346983115,2.8218665301688475
20.200000000000003,1.2246467991473532e-16,-1.0,0.5406408174556077,0.8412535328311747,86.8,128.8,98.5,-10.100000000000009,31.900000000000006,118.7,116.39516206661536,2.304837933384647
18.1,0.4999999999999999,-0.8660254037844387,-0.9096319953545258,0.4154150130018703,53.4,4.1,32.9,46.9,-2.3999999999999986,51.0,52.62088789948672,-1.6208878994867177
-83.19999999999999,-0.5000000000000004,0.8660254037844384,2.4517695208410603e-15,1.0,135.4,121.7,215.6,10.700000000000003,-3.0,132.4,133.09904199411966,-0.6990419941196535
-168.0,-1.0,-1.8369701987210294e-16,-0.5406408174555982,0.8412535328311808,154.8,108.7,334.0,57.3,11.199999999999989,166.0,163.7063670430081,2.2936329569918996
122.39999999999998,-0.8660254037844385,-0.5000000000000004,2.941628240500001e-15,1.0,223.5,178.7,145.0,88.69999999999999,43.89999999999998,267.4,266.00978089056184,1.390219109438135
187.0,-1.0,-1.8369701987210294e-16,-0.2817325568414291,-0.9594929736144976,186.7,26.7,,167.0,7.0,193.7,204.73625517801267,-11.03625517801268
-4.4,0.8660254037844386,0.5000000000000001,-0.989821441880932,-0.14231483827329,2.9,60.0,5.8,-58.6,-1.5,1.4,2.23441625192776,-0.83441625192776
7.6,1.0,6.123233995736766e-17,-0.540640817455597,0.8412535328311815,9.3,0.5,13.1,20.2,11.399999999999999,20.7,21.2679563423404,-0.5679563423404019
-53.5,1.2246467991473532e-16,-1.0,0.909631995354518,0.4154150130018875,10.0,42.0,68.5,-27.0,5.0,15.0,14.028983875698058,0.9710161243019417
-35.099999999999994,-0.8660254037844386,0.5000000000000001,0.5406408174556023,0.8412535328311781,140.8,135.4,157.7,-12.800000000000011,-18.200000000000017,122.6,123.49126891402439,-0.8912689140243941
12.0,1.0,6.123233995736766e-17,0.7557495743542583,-0.6548607339452851,26.4,54.1,5.7,-36.400000000000006,-8.7,17.7,18.000458121741563,-0.3004581217415634
-84.2,1.2246467991473532e-16,-1.0,-0.7557495743542415,-0.6548607339453044,2.9,5.2,90.5,1.0999999999999996,3.4,6.3,5.49650346857718,0.8034965314228195
-39.5,-0.8660254037844385,-0.5000000000000004,-2.266215559059192e-15,1.0,61.7,110.0,112.8,-36.7,11.599999999999994,73.3,72.79888269841894,0.5011173015810613
42.79999999999998,0.8660254037844387,-0.4999999999999998,-0.9096319953545232,0.4154150130018761,108.4,19.0,98.4,122.19999999999999,32.79999999999998,141.2,141.1343579365435,0.06564206345649382
1.7000000000000002,1.0,6.123233995736766e-17,-0.9096319953545228,0.415415013001877,12.9,16.8,5.5,-9.600000000000001,-5.7,7.2,7.5113514069340495,-0.3113514069340493
37.5,-2.4492935982947064e-16,1.0,-0.9096319953545202,0.4154150130018824,238.2,231.2,173.9,-19.799999999999983,-26.799999999999983,211.4,207.05418198566426,4.345818014335748
-9.1,0.4999999999999999,0.8660254037844387,-0.9898214418809306,-0.1423148382733005,21.8,6.2,19.5,4.2,-11.4,10.4,10.451600689868089,-0.05160068986808852
-58.89999999999999,-2.4492935982947064e-16,1.0,0.5406408174556023,0.8412535328311781,134.8,138.6,177.1,-20.39999999999999,-16.60000000000001,118.2,118.36937156135194,-0.16937156135193732
-36.8,-0.8660254037844385,-0.5000000000000004,0.7557495743542594,-0.6548607339452839,1.7,29.2,,-16.0,11.5,13.2,13.900820424906868,-0.700820424906869
-64.79999999999998,-1.0,-1.8369701987210294e-16,0.5406408174556023,0.8412535328311781,131.7,129.3,205.6,11.5,9.100000000000023,140.8,138.11280718775086,2.687192812249151
-22.4,0.4999999999999999,-0.8660254037844387,-0.7557495743542563,-0.6548607339452873,2.7,18.3,23.6,-17.1,-1.5000000000000002,1.2,2.1241744282433714,-0.9241744282433715
55.400000000000006,1.0,6.123233995736766e-17,2.941628240500001e-15,1.0,188.9,127.7,128.4,56.10000000000001,-5.099999999999994,183.8,187.99769871337878,-4.19769871337877
192.9,1.2246467991473532e-16,-1.0,-0.5406408174556017,0.8412535328311785,185.7,55.2,15.0,152.7,22.200000000000017,207.9,216.40999521932923,-8.509995219329227
20.599999999999994,0.4999999999999999,-0.8660254037844387,8.822408798953651e-15,1.0,186.9,142.1,166.9,45.400000000000006,0.5999999999999943,187.5,186.7717977609438,0.728202239056202
-60.9,0.4999999999999999,0.8660254037844387,-0.2817325568414242,-0.959492973614499,43.0,108.8,85.3,-84.4,-18.6,24.4,24.560933711903306,-0.16093371190330785
20.000000000000004,-2.4492935982947064e-16,1.0,-0.9096319953545258,0.4154150130018703,76.6,47.4,25.7,-1.6999999999999957,-30.89999999999999,45.7,43.93819757026372,1.761802429736285
-11.2,-0.5000000000000004,0.8660254037844384,-0.9898214418809308,-0.1423148382732985,5.0,13.7,12.2,-12.7,-4.0,1.0,1.3951378896521203,-0.39513788965212027
-53.0,0.4999999999999999,-0.8660254037844387,-0.5406408174555982,0.8412535328311808,115.0,122.5,233.0,57.5,65.0,180.0,173.18627611538375,6.813723884616252
-62.400000000000006,-0.4999999999999997,-0.8660254037844388,0.7557495743542569,-0.6548607339452867,119.9,163.4,179.5,-46.30000000000001,-2.8000000000000114,117.1,118.6048763693188,-1.5048763693188079
-43.0,0.8660254037844386,0.5000000000000001,-0.9096319953545292,0.4154150130018628,133.1,98.0,208.7,67.69999999999999,32.599999999999994,165.7,164.10550662601153,1.5944933739884561
162.9,-0.8660254037844385,-0.5000000000000004,-0.5406408174556017,0.8412535328311785,194.6,98.5,16.7,81.1,-15.0,179.6,177.50567742426034,2.0943225757396533
108.4,-0.5000000000000004,0.8660254037844384,-0.9898214418809308,-0.142314838273299,83.0,13.4,17.9,112.89999999999999,43.3,126.3,127.54166864664938,-1.2416686466493871
-1.0000000000000002,-0.4999999999999997,-0.8660254037844388,-0.9096319953545194,0.4154150130018841,9.7,20.1,2.2,-18.900000000000002,-8.5,1.2,3.031655702537201,-1.8316557025372011
-35.2,0.8660254037844387,-0.4999999999999998,0.9096319953545128,0.4154150130018984,74.8,97.9,94.4,-38.7,-15.599999999999994,59.2,61.45691139727481,-2.2569113972748056
66.6,1.0,6.123233995736766e-17,0.7557495743542605,-0.6548607339452825,126.2,122.8,49.6,-6.599999999999994,-10.0,116.2,117.310451824845,-1.1104518248450006
-105.9,-1.0,-1.8369701987210294e-16,-0.9898214418809296,-0.1423148382733072,29.6,7.1,142.3,29.299999999999997,6.799999999999997,36.4,34.07625114803013,2.3237488519698672
44.0,-0.4999999999999997,-0.8660254037844388,-0.5406408174556093,0.8412535328311735,40.0,5.9,2.9,41.0,6.899999999999999,46.9,42.44481806198807,4.4551819380119255
24.8,0.8660254037844387,-0.4999999999999998,-0.7557495743542518,-0.6548607339452925,45.7,101.2,18.7,-57.7,-2.200000000000003,43.5,46.6502083060473,-3.150208306047297
73.8,1.0,6.123233995736766e-17,-0.9096319953545188,0.4154150130018852,84.9,72.1,32.7,34.400000000000006,21.599999999999994,106.5,102.5408021820758,3.959197817924206
13.2,-1.0,-1.8369701987210294e-16,-0.7557495743542576,-0.6548607339452859,24.2,41.0,0.7,-27.1,-10.299999999999999,13.9,13.843510001450243,0.05648999854975756
-59.400000000000006,0.8660254037844387,-0.4999999999999998,0.5406408174555917,0.841253532831185,61.9,43.5,131.0,28.099999999999994,9.699999999999996,71.6,69.81594502357962,1.7840549764203786
-110.8,1.2246467991473532e-16,-1.0,-1.2738802633678828e-14,1.0,120.2,92.0,187.5,-15.299999999999997,-43.5,76.7,75.67700634675893,1.0229936532410733
-5.6000000000000005,1.0,6.123233995736766e-17,-0.5406408174556031,0.8412535328311775,4.8,8.2,6.4,-7.3999999999999995,-4.0,0.8,1.5355365555467946,-0.7355365555467945
89.5,-0.4999999999999997,-0.8660254037844388,-0.5406408174555924,0.8412535328311844,211.7,99.7,136.2,125.99999999999999,14.0,225.7,222.3596534688688,3.340346531131189
9.6,0.4999999999999999,-0.8660254037844387,-0.2817325568414317,-0.9594929736144968,24.2,33.3,33.4,9.700000000000003,18.8,43.0,47.59966508413017,-4.599665084130173
-67.4,-0.5000000000000004,0.8660254037844384,0.9898214418809326,-0.1423148382732859,91.7,114.7,157.8,-24.299999999999997,-1.2999999999999972,90.4,91.166936900887,-0.7669369008869893
-12.2,-0.5000000000000004,0.8660254037844384,-0.9096319953545194,0.4154150130018841,6.3,21.6,18.6,-15.200000000000001,0.10000000000000053,6.4,5.481562059398841,0.9184379406011596
-130.79999999999998,1.2246467991473532e-16,-1.0,-0.9898214418809296,-0.1423148382733072,13.9,2.9,149.6,15.9,4.9,18.8,19.5745741417133,-0.7745741417132983
-12.900000000000006,-0.8660254037844385,-0.5000000000000004,0.989821441880934,-0.1423148382732757,108.9,161.9,108.9,-65.9,-12.900000000000006,96.0,96.12798053118432,-0.1279805311843205
69.1,-1.0,-1.8369701987210294e-16,-0.5406408174555929,0.8412535328311842,161.5,156.0,169.1,82.19999999999999,76.69999999999999,238.2,252.1856268663992,-13.985626866399201
204.1,0.8660254037844387,-0.4999999999999998,-1.7145055188062944e-15,1.0,224.3,238.0,26.2,-7.699999999999989,6.0,230.3,244.49307815166523,-14.193078151665219
-5.199999999999996,0.4999999999999999,-0.8660254037844387,0.2817325568414237,-0.9594929736144991,72.9,121.6,56.4,-70.39999999999999,-21.700000000000003,51.2,50.74783822618466,0.45216177381534095
39.30000000000001,-2.4492935982947064e-16,1.0,0.9898214418809338,-0.1423148382732776,78.6,100.1,78.6,17.80000000000001,39.30000000000001,117.9,116.00859515520413,1.891404844795872
28.6,-0.4999999999999997,-0.8660254037844388,0.7557495743542605,-0.6548607339452825,89.0,68.6,51.4,11.400000000000006,-9.0,80.0,79.8822481961086,0.1177518038913945
-14.100000000000009,0.4999999999999999,-0.8660254037844387,0.7557495743542606,-0.6548607339452823,77.1,122.4,116.2,-20.30000000000001,25.0,102.1,104.13081658727553,-2.030816587275538
46.0,-2.4492935982947064e-16,1.0,0.5406408174555984,0.8412535328311807,186.0,153.9,135.7,27.799999999999983,-4.300000000000011,181.7,182.59176698782105,-0.8917669878210575
-37.900000000000006,-0.8660254037844385,-0.5000000000000004,0.9096319953545168,0.4154150130018899,121.6,97.1,136.0,1.0,-23.5,98.1,96.61780842836673,1.4821915716332654
-4.300000000000001,-0.8660254037844385,-0.5000000000000004,-0.7557495743542569,-0.6548607339452867,23.5,38.5,23.6,-19.2,-4.199999999999999,19.3,17.626953664254096,1.6730463357459051
-99.5,-1.0,-1.8369701987210294e-16,-0.7557495743542587,-0.6548607339452845,171.7,235.0,286.2,-48.30000000000001,15.0,186.7,185.09673568856508,1.6032643114349128
-90.9,0.8660254037844387,-0.4999999999999998,0.9096319953545168,0.4154150130018899,94.3,71.6,156.4,-6.099999999999994,-28.799999999999997,65.5,65.57115550482742,-0.0711555048274164
-13.600000000000025,1.0,6.123233995736766e-17,9.312267518612591e-15,1.0,219.4,195.3,192.3,-16.600000000000023,-40.70000000000002,178.7,170.54158477320928,8.158415226790709
-28.0,-0.5000000000000004,0.8660254037844384,-0.7557495743542577,-0.6548607339452857,18.3,24.1,35.9,-16.200000000000003,-10.4,7.9,8.74477911731714,-0.84477911731714
-22.899999999999977,0.8660254037844386,0.5000000000000001,-0.5406408174555987,0.8412535328311805,227.4,208.7,194.7,-36.89999999999998,-55.599999999999994,171.8,169.4294889056891,2.370511094310899
-5.300000000000011,-0.8660254037844386,0.5000000000000001,-0.5406408174555929,0.8412535328311842,238.2,141.6,199.4,52.5,-44.099999999999994,194.1,188.97502711877627,5.1249728812237265
18.30000000000001,1.0,6.123233995736766e-17,1.9619108011821185e-15,1.0,240.3,191.7,178.7,5.300000000000011,-43.30000000000001,197.0,188.9289828571509,8.071017142849087
65.0,0.8660254037844386,0.5000000000000001,2.941628240500001e-15,1.0,163.7,143.8,123.9,45.099999999999994,25.200000000000017,188.9,193.36675457420338,-4.466754574203378
343.4,0.4999999999999999,-0.8660254037844387,-0.7557495743542577,-0.6548607339452858,241.7,133.8,,264.4,156.5,398.2,316.20329199466454,81.99670800533545
3.5,0.8660254037844386,0.5000000000000001,-0.7557495743542524,-0.6548607339452918,32.4,60.7,11.8,-45.400000000000006,-17.099999999999998,15.3,15.309450076144062,-0.009450076144061015
13.0,0.4999999999999999,0.8660254037844387,0.7557495743542624,-0.6548607339452803,45.6,115.5,61.8,-40.7,29.199999999999996,74.8,70.79907803712754,4.000921962872454
-43.2,1.0,6.123233995736766e-17,4.411204399476825e-15,1.0,88.6,32.1,129.0,53.699999999999996,-2.799999999999997,85.8,85.33901474109251,0.46098525890748476
-12.4,-0.8660254037844386,0.5000000000000001,0.7557495743542576,-0.6548607339452859,84.1,86.9,56.1,-43.2,-40.39999999999999,43.7,41.04099251392468,2.6590074860753248
-14.4,-0.4999999999999997,-0.8660254037844388,-0.7557495743542559,-0.6548607339452878,17.9,40.4,17.3,-37.5,-14.999999999999998,2.9,4.043096049934471,-1.1430960499344711
-16.599999999999994,-0.8660254037844386,0.5000000000000001,0.9096319953545172,0.4154150130018888,163.7,135.7,151.5,-0.799999999999983,-28.799999999999983,134.9,135.6430988376026,-0.743098837602588
23.999999999999982,1.2246467991473532e-16,-1.0,-0.9096319953545184,0.4154150130018866,178.7,189.5,,-42.80000000000001,-32.0,146.7,142.1767280815606,4.523271918439377
13.3,-1.0,-1.8369701987210294e-16,-0.2817325568414232,-0.9594929736144991,56.7,57.2,7.0,-36.900000000000006,-36.400000000000006,20.3,23.84649671468583,-3.54649671468583
-190.4,-0.5000000000000004,0.8660254037844384,0.7557495743542603,-0.6548607339452828,47.4,90.4,223.3,-57.50000000000001,-14.5,32.9,31.572322061039465,1.3276779389605338
-47.3,-0.4999999999999997,-0.8660254037844388,-0.9898214418809332,-0.1423148382732822,13.1,11.6,61.7,2.8000000000000007,1.3000000000000007,14.4,14.561297101241141,-0.16129710124114105
72.6,1.2246467991473532e-16,-1.0,9.312267518612591e-15,1.0,254.7,211.7,150.1,11.0,-32.0,222.7,209.67896227601756,13.021037723982431
-69.4,-0.8660254037844385,-0.5000000000000004,-0.9096319953545232,0.4154150130018761,99.7,43.0,151.8,39.400000000000006,-17.299999999999997,82.4,84.2302748279138,-1.8302748279137973
-11.900000000000006,-0.8660254037844385,-0.5000000000000004,4.901063119135766e-15,1.0,180.7,104.9,214.9,98.1,22.30000000000001,203.0,198.4158176138665,4.584182386133506
